#include <Wire.h> //I2C communication library
#include <Adafruit_GFX.h> //Display graphics library
#include <Adafruit_SH110X.h> //SSD1306 OLED display driver library
//SCL line connected to A5 and SDA line connected to A4


#define SCREEN_WIDTH 128 // OLED display width,  in pixels
#define SCREEN_HEIGHT 64 // OLED display height, in pixels
#define I2C_ADDRESS 0x3C  //I2C adress
#define OLED_RESET -1    //Reset command

const int delayTime = 5000; //Time in milliseconds how long each photo is displayed

Adafruit_SH1106G display = Adafruit_SH1106G(SCREEN_WIDTH, SCREEN_HEIGHT, &Wire, OLED_RESET); //(Width, Height, I2C protocol, Reset command)

const unsigned char image1 [] PROGMEM = {
  0x00, 0x00, 0x00, 0x00, 0x00, 0x00, 0x00, 0x00, 0x00, 0x00, 0x00, 0x00, 0x00, 0x00, 0x00, 0x00, 
	0x00, 0x00, 0x00, 0x00, 0x00, 0x00, 0x00, 0x00, 0x00, 0x00, 0x00, 0x00, 0x00, 0x00, 0x00, 0x00, 
	0x00, 0x00, 0x00, 0x00, 0x00, 0x00, 0x00, 0x00, 0x00, 0x00, 0x00, 0x00, 0x00, 0x00, 0x00, 0x00, 
	0x00, 0x00, 0x00, 0x00, 0x00, 0x00, 0x00, 0x00, 0x00, 0x00, 0x00, 0x00, 0x00, 0x00, 0x00, 0x00, 
	0x00, 0x00, 0x00, 0x00, 0x00, 0x00, 0x00, 0x00, 0x00, 0x00, 0x00, 0x00, 0x00, 0x00, 0x00, 0x00, 
	0x00, 0x00, 0x00, 0x00, 0x00, 0x00, 0x00, 0x00, 0x00, 0x00, 0x00, 0x00, 0x00, 0x00, 0x00, 0x00, 
	0x00, 0x00, 0x00, 0x00, 0x00, 0x00, 0x00, 0x00, 0x00, 0x00, 0x00, 0x00, 0x00, 0x00, 0x00, 0x00, 
	0x00, 0x00, 0x00, 0x00, 0x00, 0x00, 0x00, 0x00, 0x00, 0x00, 0x00, 0x00, 0x00, 0x00, 0x00, 0x00, 
	0x00, 0x00, 0x00, 0x00, 0x00, 0x00, 0x00, 0x00, 0x00, 0x00, 0x00, 0x00, 0x00, 0x00, 0x00, 0x00, 
	0x00, 0x00, 0x00, 0x00, 0x00, 0x00, 0x00, 0x00, 0x00, 0x00, 0x00, 0x00, 0x00, 0x00, 0x00, 0x00, 
	0x00, 0x00, 0x00, 0x00, 0x00, 0x0f, 0xc0, 0x00, 0x00, 0x00, 0x00, 0x00, 0x00, 0x00, 0x00, 0x00, 
	0x00, 0x00, 0x00, 0x00, 0x3f, 0xff, 0xff, 0x80, 0x00, 0x00, 0x00, 0x00, 0x00, 0x00, 0x00, 0x00, 
	0x00, 0x00, 0x00, 0x03, 0xff, 0xff, 0xff, 0xf8, 0x00, 0x00, 0x00, 0x00, 0x00, 0x00, 0x00, 0x00, 
	0x00, 0x00, 0x00, 0x0f, 0xff, 0xff, 0xff, 0xff, 0x00, 0x00, 0x00, 0x00, 0x00, 0x00, 0x00, 0x00, 
	0x00, 0x00, 0x00, 0x3f, 0xff, 0xdf, 0xff, 0xff, 0xc0, 0x00, 0x00, 0x00, 0x00, 0x00, 0x00, 0x00, 
	0x00, 0x00, 0x00, 0x7f, 0xff, 0xcf, 0xff, 0xff, 0xf0, 0x00, 0x00, 0x00, 0x00, 0x00, 0x00, 0x00, 
	0x00, 0x00, 0x01, 0xff, 0xff, 0xcf, 0xff, 0xff, 0xfc, 0x00, 0x00, 0x00, 0x00, 0x00, 0x00, 0x00, 
	0x00, 0x00, 0x03, 0xcf, 0xff, 0xcf, 0xff, 0xff, 0xff, 0x00, 0x00, 0x00, 0x00, 0x00, 0x00, 0x00, 
	0x00, 0x00, 0x07, 0xff, 0xff, 0xc7, 0xff, 0xff, 0xff, 0x80, 0x00, 0x00, 0x00, 0x00, 0x00, 0x00, 
	0x00, 0x00, 0x0f, 0xff, 0xff, 0xe7, 0xff, 0xff, 0xff, 0xc0, 0x00, 0x00, 0x00, 0x00, 0x00, 0x00, 
	0x00, 0x00, 0x1f, 0xff, 0xff, 0xe7, 0xff, 0xff, 0xff, 0xe0, 0x00, 0x00, 0x00, 0x00, 0x00, 0x00, 
	0x00, 0x00, 0x1d, 0xff, 0xff, 0xe7, 0xff, 0xff, 0xff, 0xf8, 0x00, 0x00, 0x00, 0x00, 0x00, 0x00, 
	0x00, 0x00, 0x3f, 0xff, 0xff, 0xe3, 0xff, 0xff, 0xff, 0xfc, 0x00, 0x00, 0x00, 0x00, 0x00, 0x00, 
	0x00, 0x00, 0x3f, 0xff, 0xff, 0xf3, 0xff, 0xff, 0xfd, 0xfe, 0x00, 0x00, 0x00, 0x00, 0x00, 0x00, 
	0x00, 0x00, 0x7f, 0xff, 0xff, 0xf1, 0xff, 0xff, 0xf2, 0x7e, 0x00, 0x00, 0x00, 0x00, 0x00, 0x00, 
	0x00, 0x00, 0x7f, 0xdf, 0xff, 0xf1, 0xff, 0xff, 0xc0, 0xfe, 0x00, 0x00, 0x00, 0x00, 0x00, 0x00, 
	0x00, 0x01, 0xff, 0xef, 0xff, 0xf8, 0xff, 0xff, 0x80, 0x7e, 0x00, 0x00, 0x00, 0x00, 0x00, 0x00, 
	0x00, 0x03, 0xc5, 0xff, 0xff, 0xf8, 0xff, 0xff, 0x00, 0x7e, 0x00, 0x00, 0x00, 0x00, 0x00, 0x00, 
	0x00, 0x07, 0x87, 0xff, 0xff, 0xfc, 0xff, 0xff, 0xe0, 0x7f, 0x00, 0x00, 0x00, 0x00, 0x00, 0x00, 
	0x00, 0x0f, 0xc1, 0xff, 0xff, 0xfe, 0xff, 0xff, 0xff, 0xff, 0x80, 0x00, 0x00, 0x00, 0x00, 0x00, 
	0x00, 0x3f, 0xc0, 0xff, 0xff, 0xff, 0xff, 0xfd, 0xff, 0xff, 0xe0, 0x00, 0x00, 0x00, 0x00, 0x00, 
	0x00, 0x7f, 0xf0, 0x7f, 0xff, 0xff, 0xff, 0xfe, 0xff, 0xff, 0xfe, 0x00, 0x00, 0x00, 0x00, 0x00, 
	0x00, 0xff, 0xf0, 0x2f, 0xff, 0xff, 0xff, 0xff, 0xff, 0xff, 0xff, 0xc0, 0x00, 0x00, 0x00, 0x00, 
	0x00, 0xff, 0xf8, 0x17, 0xff, 0xff, 0xff, 0xff, 0xff, 0xff, 0xff, 0xfc, 0x00, 0x00, 0x00, 0x00, 
	0x01, 0xff, 0xfc, 0x0f, 0xff, 0xff, 0xff, 0xff, 0xff, 0xff, 0xff, 0xfd, 0x00, 0x00, 0x00, 0x00, 
	0x03, 0xff, 0xf8, 0x05, 0xff, 0xff, 0xff, 0xff, 0xff, 0xff, 0xff, 0xfc, 0x60, 0x00, 0x00, 0x00, 
	0x0f, 0xff, 0xfc, 0x03, 0xff, 0xff, 0xff, 0xff, 0xff, 0xff, 0xff, 0xef, 0xc8, 0x00, 0x00, 0x00, 
	0x1f, 0xff, 0xfc, 0x01, 0x7f, 0xff, 0xff, 0xff, 0xff, 0xff, 0xff, 0xfc, 0xff, 0x00, 0x00, 0x00, 
	0x3f, 0xff, 0xf8, 0x00, 0xff, 0xff, 0xff, 0xff, 0xff, 0xff, 0xff, 0xf4, 0x7d, 0x00, 0x00, 0x00, 
	0x3f, 0xff, 0xf0, 0x00, 0x7f, 0xff, 0xff, 0xff, 0xff, 0xff, 0xff, 0xf0, 0x78, 0x00, 0x00, 0x00, 
	0x7f, 0xff, 0x70, 0x00, 0x1f, 0xff, 0xff, 0xff, 0xff, 0xff, 0xff, 0xe0, 0x00, 0x00, 0x00, 0x00, 
	0x7f, 0xff, 0x20, 0x00, 0x0f, 0xff, 0xff, 0xff, 0xff, 0xff, 0xff, 0xf0, 0x00, 0x00, 0x00, 0x00, 
	0x7f, 0xff, 0x20, 0x00, 0x03, 0xff, 0xff, 0xff, 0xff, 0xff, 0xff, 0xf0, 0x00, 0x00, 0x00, 0x00, 
	0x7f, 0xff, 0x00, 0x00, 0x00, 0x7c, 0xff, 0xff, 0xff, 0xff, 0xff, 0xf8, 0x00, 0x00, 0x00, 0x00, 
	0x5f, 0xff, 0x80, 0x00, 0x00, 0x00, 0x7f, 0xff, 0xff, 0xff, 0xeb, 0xf4, 0x00, 0x00, 0x00, 0x00, 
	0xdf, 0xff, 0xc0, 0x00, 0x00, 0x00, 0x7f, 0xff, 0xff, 0xff, 0xff, 0xfc, 0x00, 0x00, 0x00, 0x00, 
	0x8f, 0xff, 0x80, 0x00, 0x00, 0x00, 0x1f, 0xff, 0xff, 0xff, 0x0a, 0x64, 0x00, 0x00, 0x00, 0x00, 
	0x87, 0xff, 0x80, 0x00, 0x00, 0x00, 0x0f, 0xff, 0xdf, 0xfe, 0x7f, 0xcc, 0x10, 0x00, 0x00, 0x00, 
	0x11, 0xff, 0xc0, 0x00, 0x00, 0x00, 0x0f, 0xff, 0xff, 0xff, 0x02, 0xda, 0x40, 0x00, 0x00, 0x00, 
	0x1d, 0xff, 0x80, 0x30, 0x00, 0x00, 0x07, 0xff, 0xff, 0xff, 0xff, 0xe8, 0x00, 0x00, 0x00, 0x00, 
	0x1d, 0xff, 0x80, 0x08, 0x00, 0x00, 0x03, 0x7f, 0xff, 0xff, 0xff, 0x20, 0x00, 0x00, 0x00, 0x00, 
	0x0c, 0xff, 0x80, 0x0c, 0x00, 0x00, 0x00, 0x28, 0x03, 0xef, 0xf4, 0x00, 0x00, 0x00, 0x00, 0x00, 
	0x0e, 0xff, 0x00, 0x00, 0x00, 0x00, 0x00, 0x00, 0x00, 0x70, 0x40, 0x02, 0x00, 0x00, 0x00, 0x00, 
	0x0f, 0xf8, 0x00, 0x00, 0x00, 0x00, 0x00, 0x00, 0x00, 0x00, 0x00, 0x00, 0x00, 0x00, 0x00, 0x00, 
	0x07, 0xf0, 0x00, 0x00, 0x00, 0x00, 0x00, 0x00, 0x00, 0x00, 0x00, 0x00, 0x00, 0x00, 0x00, 0x00, 
	0x0f, 0xa0, 0x00, 0x00, 0x00, 0x00, 0x00, 0x00, 0x00, 0x00, 0x00, 0x00, 0x00, 0x00, 0x00, 0x00, 
	0x07, 0xc0, 0x00, 0x00, 0x00, 0x00, 0x00, 0x00, 0x00, 0x00, 0x00, 0x00, 0x00, 0x00, 0x00, 0x00, 
	0x81, 0xe0, 0x00, 0x00, 0x00, 0x00, 0x00, 0x00, 0x00, 0x00, 0x00, 0x00, 0x00, 0x00, 0x00, 0x00, 
	0xc1, 0xa0, 0x00, 0x00, 0x00, 0x00, 0xf8, 0x00, 0x00, 0x00, 0x00, 0x00, 0x00, 0x00, 0x00, 0x00, 
	0xc0, 0x00, 0x00, 0x00, 0x00, 0x07, 0xfc, 0x00, 0x00, 0x00, 0x00, 0x00, 0x00, 0x00, 0x00, 0x00, 
	0xc0, 0x00, 0x00, 0x00, 0x3f, 0xff, 0xf8, 0x00, 0x00, 0x00, 0x00, 0x00, 0x00, 0x00, 0x00, 0x00, 
	0xe0, 0x00, 0x00, 0xef, 0xff, 0xff, 0xf8, 0x00, 0x00, 0x00, 0x00, 0x00, 0x00, 0x00, 0x00, 0x00, 
	0xc0, 0x00, 0x00, 0x8a, 0xff, 0xff, 0xf8, 0x00, 0x00, 0x00, 0x00, 0x00, 0x00, 0x00, 0x00, 0x00, 
	0xe0, 0x00, 0x01, 0xff, 0xff, 0xff, 0xf8, 0x00, 0x00, 0x00, 0x00, 0x00, 0x00, 0x00, 0x00, 0x00
};
const unsigned char image2 [] PROGMEM = {
  0xff, 0xff, 0xff, 0xff, 0xff, 0xff, 0xff, 0xff, 0xff, 0xff, 0xff, 0xff, 0xff, 0xff, 0xff, 0xff, 
	0xff, 0xff, 0xff, 0xff, 0xff, 0xff, 0xff, 0xff, 0xff, 0xff, 0xff, 0xff, 0xff, 0xff, 0xff, 0xff, 
	0xff, 0xff, 0xff, 0xff, 0xff, 0xff, 0xff, 0xff, 0xff, 0xff, 0xff, 0xff, 0xff, 0xff, 0xff, 0xff, 
	0xff, 0xff, 0xff, 0xff, 0xff, 0xff, 0xff, 0xff, 0xff, 0xff, 0xfb, 0x7f, 0xff, 0xff, 0xff, 0xff, 
	0xff, 0xff, 0xff, 0xff, 0xff, 0xff, 0xff, 0xff, 0xff, 0xff, 0xfb, 0xdf, 0xff, 0xff, 0xff, 0xff, 
	0xff, 0xff, 0xff, 0xff, 0xff, 0xff, 0xff, 0xff, 0xff, 0xff, 0xff, 0xe7, 0xff, 0xff, 0xff, 0xff, 
	0xff, 0xff, 0xff, 0xff, 0xff, 0xff, 0xff, 0xff, 0xff, 0xff, 0xff, 0xfb, 0xff, 0xff, 0xff, 0xff, 
	0xff, 0xff, 0xff, 0xff, 0xff, 0xff, 0xff, 0xff, 0xff, 0xff, 0xff, 0xfd, 0xff, 0xff, 0xff, 0xff, 
	0xff, 0xff, 0xff, 0xff, 0xff, 0xff, 0xff, 0xff, 0xff, 0xff, 0xff, 0xee, 0xff, 0xff, 0xff, 0xff, 
	0xff, 0xff, 0xff, 0xff, 0xff, 0xff, 0xff, 0xff, 0xff, 0xff, 0xff, 0x81, 0x3f, 0xff, 0xff, 0xff, 
	0xff, 0xff, 0xff, 0xff, 0xff, 0xff, 0xff, 0xff, 0xff, 0xff, 0xfe, 0x7c, 0x1f, 0xff, 0xff, 0xff, 
	0xff, 0xff, 0xff, 0xff, 0xff, 0xff, 0xff, 0xff, 0xff, 0xff, 0xf4, 0xf8, 0x4f, 0xff, 0xff, 0xff, 
	0xff, 0xff, 0xff, 0xff, 0xff, 0xff, 0xff, 0xff, 0xff, 0xff, 0xf1, 0xf0, 0x27, 0xff, 0xff, 0xff, 
	0xff, 0xff, 0xff, 0xff, 0xff, 0xff, 0xff, 0xff, 0xff, 0xff, 0xe3, 0xe4, 0x23, 0xff, 0xff, 0xff, 
	0xff, 0xff, 0xff, 0xff, 0xff, 0xff, 0xff, 0xff, 0xff, 0xff, 0x87, 0x88, 0x01, 0xff, 0xff, 0xff, 
	0xff, 0xff, 0xff, 0xff, 0xff, 0xff, 0xff, 0xff, 0xff, 0xff, 0x1e, 0x20, 0x00, 0xff, 0xff, 0xff, 
	0xff, 0xff, 0xff, 0xff, 0xff, 0xff, 0xff, 0xff, 0xff, 0xf8, 0x31, 0x40, 0x00, 0x7f, 0xff, 0xff, 
	0xff, 0xff, 0xff, 0xff, 0xff, 0xff, 0xff, 0xff, 0xff, 0xf0, 0xc4, 0x00, 0x00, 0x7f, 0xff, 0xff, 
	0xff, 0xff, 0xff, 0xff, 0xff, 0xff, 0xff, 0xff, 0xff, 0xe0, 0x00, 0x0f, 0xf8, 0x7f, 0xff, 0xff, 
	0xff, 0xff, 0xff, 0xff, 0xff, 0xff, 0xff, 0xfd, 0xff, 0x06, 0x04, 0xff, 0xfe, 0x7f, 0xff, 0xff, 
	0xff, 0xff, 0xff, 0xff, 0xff, 0xff, 0xff, 0xf3, 0xf8, 0x01, 0x00, 0xaf, 0xfe, 0x7f, 0xff, 0xff, 
	0xff, 0xff, 0xff, 0xff, 0xff, 0xff, 0xff, 0xf7, 0xe0, 0x08, 0x1f, 0x27, 0xf3, 0x9f, 0xff, 0xff, 
	0xff, 0xff, 0xff, 0xff, 0xff, 0xff, 0xfc, 0x7f, 0x80, 0x20, 0xff, 0xd3, 0x80, 0x0f, 0xff, 0xff, 
	0xff, 0xff, 0xff, 0xff, 0xff, 0xff, 0xf8, 0x7c, 0x00, 0x03, 0xff, 0xe8, 0x00, 0x0f, 0xff, 0xff, 
	0xff, 0xff, 0xff, 0xff, 0xff, 0xff, 0xff, 0xa4, 0x00, 0x1f, 0xff, 0xf4, 0x0c, 0x2f, 0xff, 0xff, 
	0xff, 0xff, 0xff, 0xff, 0xff, 0xff, 0x8f, 0x80, 0x00, 0x7f, 0xff, 0xe4, 0x28, 0x0f, 0xff, 0xff, 
	0xff, 0xff, 0xff, 0xff, 0xff, 0xff, 0x2f, 0x04, 0x21, 0xff, 0xff, 0x81, 0x62, 0x1f, 0xff, 0xff, 
	0xff, 0xff, 0xff, 0xff, 0xff, 0xf3, 0xf0, 0x00, 0x07, 0xe6, 0xfe, 0x00, 0x01, 0xff, 0xff, 0xff, 
	0xff, 0xff, 0xff, 0xff, 0xff, 0xf3, 0xe0, 0x00, 0x1f, 0xef, 0xf8, 0x0c, 0x07, 0xff, 0xff, 0xff, 
	0xff, 0xff, 0xff, 0xff, 0xff, 0xed, 0xc0, 0x05, 0x3f, 0xff, 0xb0, 0x39, 0x0f, 0xff, 0xff, 0xff, 
	0xff, 0xff, 0xff, 0xff, 0xff, 0xfe, 0x00, 0x06, 0x9f, 0xef, 0x00, 0xa0, 0x0f, 0xff, 0xff, 0xff, 
	0xff, 0xff, 0xff, 0xff, 0xff, 0xfa, 0x11, 0x48, 0x2f, 0xf8, 0x03, 0x82, 0x1f, 0xff, 0xff, 0xff, 
	0xff, 0xff, 0xff, 0xff, 0xff, 0xf8, 0x01, 0xa5, 0x97, 0xf8, 0x0e, 0x10, 0x9f, 0xff, 0xff, 0xff, 
	0xff, 0xff, 0xff, 0xff, 0xff, 0xf0, 0x00, 0xc2, 0xc1, 0xf0, 0x38, 0x00, 0x3f, 0xff, 0xff, 0xff, 
	0xff, 0xff, 0xff, 0xff, 0xff, 0xc0, 0x29, 0x28, 0x00, 0x40, 0xe0, 0x04, 0xff, 0xff, 0xff, 0xff, 
	0xff, 0xff, 0xff, 0xff, 0xff, 0x10, 0x34, 0xb0, 0x02, 0x03, 0x80, 0x0f, 0xff, 0xff, 0xff, 0xff, 
	0xff, 0xff, 0xff, 0xff, 0xfc, 0x48, 0x12, 0x10, 0x25, 0x4e, 0x00, 0xbf, 0xff, 0xff, 0xff, 0xff, 
	0xff, 0xff, 0xff, 0xff, 0xf0, 0x00, 0xed, 0x80, 0x12, 0xc8, 0x00, 0xff, 0xff, 0xff, 0xff, 0xff, 
	0xff, 0xff, 0xff, 0xff, 0xd4, 0x03, 0xfa, 0x00, 0x09, 0x00, 0x03, 0xff, 0xff, 0xff, 0xff, 0xff, 
	0xff, 0xff, 0xff, 0xff, 0x03, 0x0f, 0xfc, 0x20, 0x04, 0x10, 0x0f, 0xff, 0xff, 0xff, 0xff, 0xff, 
	0xff, 0xff, 0xff, 0xfc, 0x04, 0x3f, 0xf0, 0x00, 0x12, 0x60, 0xbf, 0xff, 0xff, 0xff, 0xff, 0xff, 
	0xff, 0xff, 0xff, 0xf5, 0x94, 0xff, 0xc0, 0x22, 0x40, 0x00, 0xff, 0xff, 0xff, 0xff, 0xff, 0xff, 
	0xff, 0xff, 0xff, 0xd4, 0x5b, 0xff, 0x03, 0x94, 0x00, 0x00, 0x7f, 0xff, 0xff, 0xff, 0xff, 0xff, 
	0xff, 0xff, 0xff, 0x55, 0x6f, 0xfc, 0x2f, 0x08, 0x80, 0x21, 0x3f, 0xff, 0xff, 0xff, 0xff, 0xff, 
	0xff, 0xff, 0xf8, 0x10, 0xbf, 0xf0, 0x3c, 0x0d, 0x00, 0x16, 0x1f, 0xff, 0xff, 0xff, 0xff, 0xff, 
	0xff, 0xff, 0xfd, 0x68, 0xff, 0xe0, 0xf0, 0x30, 0x00, 0x08, 0x7f, 0xff, 0xff, 0xff, 0xff, 0xff, 
	0xff, 0xff, 0xff, 0xe1, 0xff, 0xf5, 0xc0, 0xc0, 0x00, 0x25, 0xff, 0xff, 0xff, 0xff, 0xff, 0xff, 
	0xff, 0xff, 0xff, 0xcb, 0xff, 0xfb, 0x23, 0x20, 0x22, 0x87, 0xff, 0xff, 0xff, 0xff, 0xff, 0xff, 
	0xff, 0xff, 0xff, 0xe3, 0xff, 0xf0, 0x8c, 0x00, 0x81, 0x1f, 0xff, 0xff, 0xff, 0xff, 0xff, 0xff, 
	0xff, 0xff, 0xff, 0xf7, 0xff, 0xf4, 0x30, 0x02, 0xb0, 0xff, 0xff, 0xff, 0xff, 0xff, 0xff, 0xff, 
	0xff, 0xff, 0xff, 0xd7, 0xff, 0xc8, 0xc1, 0x0b, 0xc1, 0xff, 0xff, 0xff, 0xff, 0xff, 0xff, 0xff, 
	0xff, 0xff, 0xff, 0xd7, 0xff, 0xe4, 0x24, 0x2f, 0xe3, 0xff, 0xff, 0xff, 0xff, 0xff, 0xff, 0xff, 
	0xff, 0xff, 0xff, 0xa7, 0xff, 0xe3, 0x02, 0xbf, 0xff, 0xff, 0xff, 0xff, 0xff, 0xff, 0xff, 0xff, 
	0xff, 0xff, 0xff, 0xe3, 0xff, 0xee, 0x3e, 0xff, 0xff, 0xff, 0xff, 0xff, 0xff, 0xff, 0xff, 0xff, 
	0xff, 0xff, 0xff, 0xe3, 0xff, 0xfc, 0xe5, 0xff, 0xff, 0xff, 0xff, 0xff, 0xff, 0xff, 0xff, 0xff, 
	0xff, 0xff, 0xff, 0xd1, 0xff, 0xff, 0xcb, 0xff, 0xff, 0xff, 0xff, 0xff, 0xff, 0xff, 0xff, 0xff, 
	0xff, 0xff, 0xff, 0xe8, 0xff, 0xff, 0x87, 0xff, 0xff, 0xff, 0xff, 0xff, 0xff, 0xff, 0xff, 0xff, 
	0xff, 0xff, 0xff, 0xf4, 0x7f, 0xff, 0x0f, 0xff, 0xff, 0xff, 0xff, 0xff, 0xff, 0xff, 0xff, 0xff, 
	0xff, 0xff, 0xff, 0xfb, 0x1f, 0xfd, 0x7f, 0xff, 0xff, 0xff, 0xff, 0xff, 0xff, 0xff, 0xff, 0xff, 
	0xff, 0xff, 0xff, 0xfc, 0xc3, 0xe7, 0xbf, 0xff, 0xff, 0xff, 0xff, 0xff, 0xff, 0xff, 0xff, 0xff, 
	0xff, 0xff, 0xff, 0xff, 0xbf, 0xfe, 0xff, 0xff, 0xff, 0xff, 0xff, 0xff, 0xff, 0xff, 0xff, 0xff, 
	0xff, 0xff, 0xff, 0xff, 0xff, 0xff, 0xff, 0xff, 0xff, 0xff, 0xff, 0xff, 0xff, 0xff, 0xff, 0xff, 
	0xff, 0xff, 0xff, 0xff, 0xff, 0xff, 0xff, 0xff, 0xff, 0xff, 0xff, 0xff, 0xff, 0xff, 0xff, 0xff, 
	0xff, 0xff, 0xff, 0xff, 0xff, 0xff, 0xff, 0xff, 0xff, 0xff, 0xff, 0xff, 0xff, 0xff, 0xff, 0xff
};
const unsigned char image3 [] PROGMEM = {
  0x07, 0xf7, 0xc0, 0x00, 0x00, 0x7f, 0xc0, 0x00, 0x00, 0x00, 0x00, 0x00, 0x00, 0x00, 0x00, 0x3f, 
	0x05, 0xe7, 0x40, 0x00, 0x01, 0xff, 0xe0, 0x00, 0x00, 0x00, 0x00, 0x00, 0x00, 0x00, 0x00, 0x1f, 
	0x84, 0xe7, 0xd0, 0x00, 0x01, 0xff, 0xf0, 0x00, 0x00, 0x00, 0x00, 0x00, 0x00, 0x00, 0x00, 0x1f, 
	0x07, 0xa5, 0xb0, 0x00, 0x03, 0xff, 0xf0, 0x00, 0x00, 0x00, 0x00, 0x00, 0x00, 0x00, 0x00, 0x1f, 
	0x0f, 0x99, 0xa0, 0x00, 0x0f, 0xff, 0xfc, 0x00, 0x00, 0x00, 0x00, 0x00, 0x00, 0x00, 0x00, 0x1f, 
	0x07, 0xd9, 0x00, 0x00, 0x0f, 0xff, 0xfe, 0x00, 0x00, 0x00, 0x00, 0x00, 0x00, 0x00, 0x00, 0x1f, 
	0x51, 0xf8, 0x00, 0x00, 0x3f, 0xff, 0xfe, 0x00, 0x00, 0x00, 0x00, 0x00, 0x00, 0x00, 0x00, 0x1f, 
	0xd7, 0xf8, 0x00, 0x00, 0x3f, 0xff, 0xfc, 0x00, 0x00, 0x00, 0x00, 0x00, 0x00, 0x00, 0x00, 0x0f, 
	0xff, 0xf8, 0x00, 0x00, 0x7f, 0xff, 0xfd, 0x00, 0x00, 0x00, 0x00, 0x00, 0x00, 0x00, 0x00, 0x0f, 
	0xff, 0xf8, 0x00, 0x00, 0x7f, 0xff, 0xfe, 0x00, 0x00, 0x00, 0x00, 0x00, 0x00, 0x00, 0x00, 0x0f, 
	0x0f, 0xc8, 0x80, 0x00, 0xff, 0xff, 0xfe, 0x00, 0x00, 0x00, 0x00, 0x00, 0x00, 0x00, 0x00, 0x07, 
	0x01, 0x89, 0x80, 0x00, 0xff, 0xff, 0xff, 0x00, 0x00, 0x00, 0x00, 0x00, 0x00, 0x00, 0x00, 0x07, 
	0xff, 0x0d, 0x00, 0x01, 0xff, 0xff, 0xff, 0x80, 0x00, 0x00, 0x00, 0x00, 0x00, 0x00, 0x00, 0x07, 
	0xfe, 0x1f, 0x00, 0x01, 0xff, 0xff, 0xff, 0x80, 0x00, 0x00, 0x00, 0x00, 0x00, 0x00, 0x00, 0x01, 
	0x0c, 0x3f, 0x00, 0x03, 0xff, 0xff, 0xff, 0x80, 0x00, 0x00, 0x00, 0x00, 0x00, 0x00, 0x00, 0x07, 
	0x0d, 0x75, 0x80, 0x03, 0xff, 0xff, 0xff, 0x80, 0x00, 0x00, 0x00, 0x00, 0x00, 0x00, 0x00, 0x0f, 
	0x3b, 0xcc, 0x80, 0x03, 0xff, 0xff, 0xff, 0xc6, 0x00, 0x00, 0x00, 0x00, 0x00, 0x00, 0x00, 0x0f, 
	0x33, 0xfe, 0xe0, 0x07, 0xf8, 0x00, 0xff, 0x8e, 0x00, 0x00, 0x00, 0x00, 0x00, 0x00, 0x00, 0x05, 
	0x37, 0xfe, 0xe0, 0x07, 0xc0, 0x00, 0x07, 0xcf, 0x00, 0x00, 0x00, 0x00, 0x00, 0x00, 0x00, 0x0d, 
	0x77, 0xfe, 0x20, 0x07, 0xfc, 0x00, 0x00, 0xcf, 0x00, 0x00, 0x00, 0x00, 0x00, 0x00, 0x00, 0x1b, 
	0xff, 0xff, 0xf0, 0x07, 0xff, 0xc0, 0x00, 0x6f, 0x00, 0x00, 0x00, 0x00, 0x00, 0x00, 0x00, 0x7f, 
	0x7f, 0xff, 0xb0, 0x0f, 0xff, 0x80, 0x00, 0x1f, 0x00, 0x00, 0x00, 0x00, 0x00, 0x00, 0x00, 0x1f, 
	0x3f, 0x0f, 0xf0, 0x0f, 0xf8, 0x00, 0x00, 0x3f, 0x00, 0x00, 0x00, 0x00, 0x00, 0x00, 0x00, 0x3f, 
	0x3a, 0x03, 0xbc, 0x0f, 0xf0, 0x00, 0x00, 0x7e, 0x00, 0x00, 0x00, 0x00, 0x00, 0x00, 0x00, 0x3f, 
	0x1a, 0x03, 0x3f, 0x8f, 0xe0, 0x00, 0x00, 0x3e, 0x00, 0x00, 0x00, 0x00, 0x00, 0x00, 0x00, 0x7f, 
	0x00, 0x07, 0x1f, 0x8f, 0xc0, 0x00, 0x00, 0x3e, 0x00, 0x00, 0x00, 0x00, 0x00, 0x00, 0x04, 0x3f, 
	0x00, 0x06, 0x1f, 0x8f, 0xf9, 0xc0, 0x00, 0x3e, 0x00, 0x00, 0x00, 0x00, 0x00, 0x00, 0x00, 0x9f, 
	0x00, 0x00, 0x0f, 0xef, 0xfe, 0x00, 0x00, 0x3c, 0x00, 0x00, 0x00, 0x00, 0x00, 0x00, 0x13, 0x33, 
	0x00, 0x00, 0x0f, 0xef, 0xf0, 0x00, 0x00, 0x3c, 0x00, 0x00, 0x00, 0x00, 0x00, 0x00, 0x00, 0x11, 
	0x00, 0x00, 0x0f, 0xef, 0xf8, 0x00, 0x00, 0xfc, 0x00, 0x00, 0x00, 0x00, 0x00, 0x00, 0x00, 0x00, 
	0x00, 0x00, 0x1f, 0xff, 0xfc, 0x00, 0x03, 0xfc, 0x00, 0x00, 0x00, 0x00, 0x06, 0x00, 0x00, 0x00, 
	0x00, 0x00, 0x3f, 0xff, 0xfc, 0x00, 0x07, 0xf8, 0x00, 0x00, 0x00, 0x00, 0x0e, 0x00, 0x00, 0x00, 
	0x00, 0x03, 0xff, 0xff, 0xfe, 0x00, 0x07, 0xfc, 0x00, 0x00, 0x00, 0x00, 0x0c, 0x00, 0x00, 0x00, 
	0x00, 0xff, 0xff, 0xff, 0xfe, 0x00, 0x07, 0xf8, 0x00, 0x00, 0x00, 0x00, 0x0e, 0x00, 0x00, 0x00, 
	0x3f, 0xff, 0xff, 0x1f, 0xfe, 0x00, 0x0f, 0xf8, 0x00, 0x00, 0x00, 0x00, 0x0c, 0x04, 0x00, 0x00, 
	0xff, 0xff, 0xff, 0x0f, 0xfe, 0x00, 0x1f, 0xf8, 0x00, 0x00, 0x00, 0x00, 0x1c, 0x04, 0x00, 0x00, 
	0xff, 0xff, 0xfe, 0x0f, 0xff, 0x00, 0x1f, 0xf8, 0x00, 0x00, 0x00, 0x00, 0x1c, 0x06, 0x00, 0x01, 
	0xff, 0xff, 0xff, 0x0f, 0xff, 0x00, 0x37, 0xf8, 0x00, 0x00, 0x00, 0x00, 0x1c, 0x02, 0x00, 0x0f, 
	0xff, 0xff, 0xfe, 0x0f, 0xff, 0x00, 0x0f, 0xf8, 0x00, 0x00, 0x00, 0x00, 0x1c, 0x43, 0x00, 0x1f, 
	0xff, 0xff, 0xfe, 0x0f, 0xff, 0x02, 0x0f, 0xf0, 0x00, 0x00, 0x00, 0x00, 0x3d, 0xc0, 0x80, 0x0f, 
	0xff, 0xff, 0xfe, 0x0f, 0xff, 0xf8, 0x1f, 0xf0, 0x00, 0x00, 0x00, 0x00, 0x7f, 0x80, 0x40, 0x1f, 
	0xff, 0xff, 0xfc, 0x0f, 0xff, 0xe0, 0x6f, 0xf0, 0x00, 0x00, 0x10, 0x01, 0xff, 0xe0, 0x60, 0x1f, 
	0xff, 0xff, 0xf0, 0x0f, 0xff, 0xc0, 0x7f, 0xf8, 0x05, 0xe0, 0x0c, 0x03, 0xff, 0xfc, 0x70, 0x5f, 
	0xff, 0xff, 0xe0, 0x07, 0xff, 0x00, 0xff, 0xfc, 0x1e, 0x00, 0x07, 0x87, 0xf9, 0xff, 0xfc, 0x7f, 
	0xff, 0xff, 0xe0, 0x07, 0xfe, 0x07, 0xff, 0xff, 0xf0, 0x00, 0x00, 0x8f, 0xfa, 0xff, 0xfb, 0xdf, 
	0xff, 0xff, 0xe0, 0x07, 0xfc, 0x0f, 0xff, 0xff, 0xc0, 0x00, 0x00, 0x0f, 0xf8, 0x3f, 0xfc, 0x1f, 
	0xff, 0xff, 0xe0, 0x07, 0xfc, 0x1f, 0xff, 0xff, 0x00, 0x00, 0x00, 0x07, 0xf0, 0x4f, 0xff, 0x01, 
	0xbf, 0xff, 0xe0, 0x03, 0xfc, 0x01, 0xff, 0x80, 0x00, 0x00, 0x00, 0x07, 0xf0, 0x17, 0xff, 0xcf, 
	0xff, 0xff, 0xe0, 0x03, 0xfc, 0x00, 0x2f, 0xf0, 0x00, 0x00, 0x00, 0x07, 0xe0, 0x51, 0xff, 0xff, 
	0xff, 0xff, 0xe0, 0x01, 0xfe, 0x00, 0x3f, 0xc0, 0x00, 0x00, 0x00, 0x07, 0xe0, 0x1c, 0xff, 0xff, 
	0xef, 0xff, 0xc0, 0x01, 0xfe, 0x0c, 0x3f, 0xf8, 0x00, 0x00, 0x00, 0x07, 0xc0, 0x1e, 0x3f, 0xff, 
	0xdf, 0xff, 0xc0, 0x00, 0xff, 0x0e, 0x1f, 0xff, 0xf3, 0x70, 0x00, 0x07, 0xc0, 0x0f, 0x1f, 0xfd, 
	0x7f, 0xff, 0xc0, 0x00, 0xff, 0x0f, 0x8f, 0xff, 0xff, 0xe0, 0x00, 0x0f, 0x80, 0x06, 0xef, 0xff, 
	0x7f, 0xff, 0xc0, 0x00, 0x7f, 0x9f, 0xe1, 0xff, 0xff, 0x00, 0x00, 0x03, 0x00, 0x03, 0x37, 0xff, 
	0xff, 0xff, 0xc0, 0x00, 0x3f, 0xff, 0xf0, 0x3f, 0xf8, 0x00, 0x00, 0x0e, 0x00, 0x01, 0x8b, 0xff, 
	0xff, 0xff, 0xc0, 0x00, 0x1f, 0xff, 0xfc, 0x00, 0x00, 0x00, 0x00, 0x1c, 0x00, 0x00, 0x44, 0x9f, 
	0xff, 0xff, 0xc0, 0x00, 0x0f, 0xff, 0xfe, 0x00, 0x00, 0x04, 0x00, 0x28, 0x00, 0x00, 0x00, 0x5f, 
	0xff, 0xff, 0xc0, 0x00, 0x07, 0xff, 0xff, 0x00, 0x00, 0x0c, 0x00, 0x10, 0x00, 0x00, 0x00, 0x3f, 
	0x7f, 0xff, 0xc0, 0x00, 0x07, 0xff, 0xff, 0xf8, 0x00, 0x08, 0x00, 0xe0, 0x00, 0x00, 0x04, 0x0f, 
	0x7f, 0xff, 0xc0, 0x00, 0x07, 0xff, 0xff, 0xff, 0xf0, 0x00, 0x07, 0x80, 0x00, 0x00, 0x00, 0x0f, 
	0xff, 0xff, 0xc0, 0x00, 0x03, 0xff, 0xff, 0xff, 0xf0, 0x00, 0x07, 0x00, 0x00, 0x00, 0x00, 0x0f, 
	0xff, 0xff, 0xc0, 0x00, 0x03, 0xff, 0xff, 0xe0, 0x00, 0x00, 0x1c, 0x00, 0x00, 0x00, 0x00, 0x8f, 
	0xe7, 0xff, 0xe0, 0x00, 0x01, 0xff, 0xff, 0x80, 0x00, 0x00, 0x38, 0x00, 0x00, 0x00, 0x00, 0xef, 
	0xef, 0xff, 0xe0, 0x00, 0x00, 0x1f, 0xff, 0xe0, 0x00, 0x00, 0xf0, 0x00, 0x00, 0x00, 0x00, 0x9f
};
const unsigned char image4 [] PROGMEM = {
  0xbf, 0xff, 0xff, 0xfe, 0xff, 0xff, 0xff, 0xff, 0xff, 0xff, 0xff, 0xff, 0xff, 0xff, 0xff, 0xff, 
	0x4f, 0xff, 0xff, 0xfd, 0x7f, 0xff, 0xff, 0xff, 0xff, 0xff, 0xff, 0xff, 0xff, 0xff, 0xff, 0xff, 
	0x07, 0xff, 0xff, 0xfd, 0xbf, 0xff, 0xff, 0xff, 0xff, 0xff, 0xff, 0xff, 0xff, 0xff, 0xff, 0xff, 
	0xa5, 0xff, 0xff, 0xfb, 0xbf, 0xff, 0xff, 0xff, 0xff, 0xff, 0xff, 0xff, 0xff, 0xff, 0xff, 0xff, 
	0x80, 0xff, 0xff, 0xfa, 0x5f, 0xff, 0xff, 0xff, 0xff, 0xff, 0xff, 0xff, 0xff, 0xff, 0xff, 0xff, 
	0x95, 0x7f, 0xff, 0xf6, 0x5f, 0xff, 0xff, 0xff, 0xff, 0xff, 0xff, 0xff, 0xff, 0xff, 0xff, 0xff, 
	0x96, 0x3f, 0xff, 0xf1, 0x0f, 0xff, 0xff, 0xff, 0xff, 0xff, 0xff, 0xff, 0xff, 0xff, 0xff, 0xff, 
	0xdb, 0x5f, 0xff, 0xed, 0xaf, 0xff, 0xff, 0xff, 0xff, 0xff, 0xff, 0xff, 0xff, 0xff, 0xff, 0xff, 
	0xc3, 0x2f, 0xff, 0xdd, 0xaf, 0xff, 0xff, 0xff, 0xff, 0xff, 0xff, 0xff, 0xff, 0xff, 0xff, 0xff, 
	0xc3, 0x97, 0xff, 0xd3, 0xaf, 0xff, 0xff, 0xff, 0xff, 0xff, 0xff, 0xff, 0xff, 0xff, 0xff, 0xff, 
	0xc7, 0xd7, 0xff, 0xbb, 0xaf, 0xff, 0xff, 0xff, 0xff, 0xff, 0xff, 0xff, 0xff, 0xff, 0xff, 0xff, 
	0xc5, 0xcb, 0xff, 0x1f, 0x2f, 0xff, 0xff, 0xff, 0xff, 0xff, 0xff, 0xff, 0xff, 0xff, 0xff, 0xff, 
	0xd5, 0xe3, 0xff, 0x37, 0x2f, 0xff, 0xff, 0xff, 0xff, 0xff, 0xff, 0xff, 0xff, 0xff, 0xff, 0xff, 
	0xc1, 0xe1, 0xfe, 0x2f, 0x6f, 0xff, 0xff, 0xff, 0xff, 0xff, 0xff, 0xff, 0xff, 0xff, 0xff, 0xff, 
	0xc1, 0xe1, 0xfc, 0x6f, 0x6f, 0xff, 0xff, 0xff, 0xff, 0xff, 0xff, 0xff, 0xff, 0xff, 0xff, 0xff, 
	0xc1, 0xf1, 0xfd, 0x5e, 0x0f, 0xff, 0xff, 0xff, 0xff, 0xff, 0xff, 0xff, 0xff, 0xff, 0xff, 0xff, 
	0xe2, 0xf1, 0xf8, 0x1e, 0xdf, 0xff, 0xff, 0xff, 0xff, 0xff, 0xff, 0xff, 0xff, 0xff, 0xff, 0xff, 
	0xe2, 0xf4, 0xfa, 0xbc, 0x9f, 0xff, 0xff, 0xff, 0xff, 0xff, 0xff, 0xff, 0xff, 0xff, 0xff, 0xff, 
	0xe2, 0xf0, 0xf1, 0x7c, 0xbf, 0xff, 0xff, 0xff, 0xff, 0xff, 0xff, 0xff, 0xff, 0xff, 0xff, 0xff, 
	0xe0, 0xf2, 0xf1, 0x7b, 0x7f, 0xff, 0xff, 0xff, 0xff, 0xff, 0xff, 0xff, 0xff, 0xff, 0xff, 0xff, 
	0xf0, 0x70, 0xf0, 0x76, 0xff, 0xff, 0xff, 0xff, 0xff, 0xff, 0xff, 0xff, 0xff, 0xff, 0xff, 0xff, 
	0xf1, 0x78, 0xe2, 0xed, 0xff, 0xff, 0xff, 0xff, 0xff, 0xff, 0xff, 0xff, 0xff, 0xff, 0xff, 0xff, 
	0xf0, 0x78, 0xe0, 0xdb, 0xff, 0xff, 0xff, 0xff, 0xff, 0xff, 0xff, 0xff, 0xff, 0xff, 0xff, 0xff, 
	0xf8, 0x38, 0xe1, 0x97, 0xff, 0xff, 0xff, 0xff, 0xff, 0xff, 0xff, 0xff, 0xff, 0xff, 0xff, 0xff, 
	0xf8, 0x38, 0xe5, 0xaf, 0xff, 0xff, 0xff, 0xff, 0xff, 0xff, 0xff, 0xff, 0xff, 0xff, 0xff, 0xff, 
	0xfc, 0x18, 0xe1, 0x1f, 0xff, 0xff, 0xff, 0xff, 0xff, 0xff, 0xff, 0xff, 0xff, 0xff, 0xff, 0xff, 
	0xfc, 0x18, 0xa4, 0xbf, 0xff, 0xff, 0xbf, 0xfe, 0xff, 0xff, 0xff, 0xff, 0xff, 0xff, 0xff, 0xff, 
	0xfe, 0x08, 0x00, 0x3f, 0xff, 0xfe, 0xff, 0xf0, 0x3f, 0xff, 0xff, 0xff, 0xff, 0xff, 0xff, 0xff, 
	0xff, 0x00, 0x00, 0x7f, 0xff, 0xff, 0xff, 0xf0, 0x1f, 0xff, 0xff, 0xff, 0xff, 0xff, 0xff, 0xff, 
	0xff, 0x80, 0x20, 0x07, 0xff, 0xff, 0xff, 0xf0, 0x0f, 0xff, 0xff, 0xff, 0xff, 0xff, 0xff, 0xff, 
	0xff, 0xc0, 0x00, 0x29, 0xff, 0xdd, 0xff, 0xf0, 0x0f, 0xff, 0xff, 0xff, 0xff, 0xff, 0xff, 0xff, 
	0xff, 0xe0, 0x00, 0x10, 0x7f, 0x7f, 0xff, 0xf8, 0x07, 0xff, 0xff, 0xff, 0xff, 0xff, 0xff, 0xff, 
	0xff, 0xf0, 0x00, 0x0a, 0x96, 0x9d, 0xff, 0x88, 0x03, 0x7f, 0xff, 0xff, 0xff, 0xff, 0xff, 0xff, 
	0xff, 0xfc, 0x00, 0x08, 0x5e, 0xe7, 0xff, 0x7c, 0x0f, 0xbf, 0xff, 0xff, 0xff, 0xff, 0xff, 0xff, 
	0xff, 0xf8, 0x00, 0x84, 0x1f, 0x73, 0xff, 0xbc, 0x1d, 0xdf, 0xff, 0xff, 0xff, 0xff, 0xff, 0xff, 
	0xff, 0xf7, 0x00, 0x61, 0x11, 0xff, 0xff, 0xdc, 0x17, 0xff, 0x7f, 0xff, 0xff, 0xff, 0xe1, 0xf7, 
	0xff, 0xf7, 0x00, 0x72, 0x53, 0xfb, 0xff, 0xee, 0x0f, 0xdf, 0xbf, 0xff, 0xff, 0xff, 0xb7, 0xfb, 
	0xff, 0xef, 0x66, 0x71, 0xf3, 0xf3, 0xff, 0xee, 0x1f, 0x77, 0xbf, 0xff, 0xff, 0xff, 0x7f, 0xdb, 
	0xff, 0xef, 0xef, 0xf8, 0xcb, 0xef, 0xff, 0xee, 0x00, 0x3f, 0x7f, 0xff, 0xff, 0xff, 0xff, 0xfe, 
	0xff, 0xce, 0xef, 0xe0, 0xff, 0xef, 0xff, 0xee, 0x00, 0x7d, 0xff, 0xff, 0xff, 0xfe, 0xff, 0xff, 
	0xff, 0xef, 0xff, 0xc0, 0xf7, 0xff, 0xff, 0xef, 0x00, 0x27, 0xff, 0xff, 0xff, 0xff, 0xff, 0xff, 
	0xff, 0xed, 0xd7, 0x80, 0x7b, 0xdf, 0xff, 0xef, 0x00, 0x3f, 0xff, 0xff, 0xff, 0xfc, 0xe7, 0xfe, 
	0xff, 0xfd, 0xfb, 0x00, 0x7f, 0xbf, 0xff, 0xff, 0x00, 0x7f, 0xff, 0xf9, 0xcf, 0xfd, 0xfd, 0xfd, 
	0xff, 0xde, 0xdf, 0xfa, 0x5b, 0x7f, 0xff, 0xf7, 0x80, 0xff, 0xff, 0xe5, 0x53, 0xfd, 0xfd, 0xff, 
	0xff, 0xdf, 0xf3, 0xfe, 0x66, 0xff, 0xff, 0xf6, 0xf8, 0xff, 0xff, 0x88, 0x8d, 0xfb, 0x7d, 0xff, 
	0xff, 0xff, 0xff, 0xcf, 0xff, 0xff, 0xff, 0xfb, 0x86, 0xff, 0xff, 0x30, 0xae, 0xf5, 0x39, 0xf7, 
	0xff, 0xff, 0xff, 0xf7, 0xfb, 0xff, 0xff, 0xf8, 0xee, 0x7f, 0xfe, 0x89, 0x00, 0x68, 0x2b, 0xff, 
	0xff, 0xfb, 0x6f, 0xfb, 0xf8, 0x3f, 0xff, 0xf7, 0x7e, 0x7f, 0xfd, 0x28, 0x66, 0x81, 0xa7, 0xbf, 
	0xff, 0xff, 0x2f, 0xe8, 0xfa, 0x07, 0xff, 0xf7, 0xbe, 0x7f, 0xf1, 0x60, 0x90, 0x03, 0xdf, 0x7f, 
	0xff, 0xff, 0xe8, 0x70, 0x7c, 0xc1, 0xff, 0xe9, 0xa3, 0xf8, 0x01, 0x20, 0x80, 0x02, 0xbd, 0xff, 
	0xff, 0xff, 0xf0, 0x1c, 0x0f, 0xfe, 0x7f, 0xc8, 0x7f, 0xff, 0x80, 0x08, 0x00, 0x02, 0xf7, 0xff, 
	0xff, 0xff, 0xe0, 0x00, 0x17, 0xff, 0xf0, 0x8f, 0xff, 0xff, 0xc0, 0x0f, 0xe0, 0x13, 0xdf, 0xff, 
	0xff, 0xff, 0xc1, 0x00, 0x0b, 0xff, 0xff, 0xff, 0xff, 0xff, 0x10, 0x7f, 0xc4, 0x0f, 0x7f, 0xff, 
	0xff, 0xff, 0x80, 0x00, 0x01, 0xff, 0xff, 0xff, 0xff, 0xfe, 0x04, 0x1f, 0x81, 0x73, 0xcf, 0xbf, 
	0xff, 0xff, 0x00, 0x00, 0x00, 0xff, 0xff, 0xff, 0xff, 0xfc, 0x0b, 0xfb, 0x08, 0x7e, 0x7f, 0xef, 
	0xff, 0xfe, 0x04, 0x00, 0x00, 0xbf, 0xff, 0xff, 0xff, 0xf2, 0x13, 0xfe, 0x12, 0xf9, 0xff, 0xfb, 
	0xff, 0xfc, 0x00, 0x00, 0x00, 0x0f, 0xff, 0xff, 0xff, 0xc4, 0x27, 0xfd, 0x01, 0x88, 0xfe, 0x7d, 
	0xff, 0xf8, 0x20, 0x00, 0x40, 0x10, 0xff, 0xff, 0xf8, 0x99, 0x4f, 0xf0, 0x00, 0x82, 0xff, 0xde, 
	0xff, 0xf0, 0x00, 0x07, 0xe8, 0x02, 0xc0, 0x00, 0x38, 0xf9, 0x8f, 0xe9, 0x01, 0x05, 0x7f, 0xfe, 
	0xff, 0xf0, 0x00, 0x1f, 0xf0, 0x00, 0x00, 0x01, 0xd3, 0x51, 0x20, 0xc2, 0x04, 0x1c, 0x7f, 0xee, 
	0xff, 0xe0, 0x00, 0x7f, 0xfc, 0x80, 0x00, 0x01, 0xef, 0x54, 0x53, 0x30, 0x00, 0x0f, 0xff, 0xfd, 
	0xff, 0xe0, 0x01, 0xff, 0xff, 0x88, 0x00, 0x00, 0x1a, 0xe3, 0xcf, 0x7f, 0xff, 0xff, 0xff, 0x97, 
	0xff, 0xe0, 0x07, 0xff, 0xff, 0xf0, 0x00, 0x7f, 0xf0, 0x3f, 0xf8, 0x63, 0xff, 0xff, 0xf1, 0xff, 
	0xff, 0xf0, 0x3f, 0xff, 0xff, 0xff, 0xfe, 0x00, 0x7f, 0xff, 0xff, 0xff, 0xff, 0xff, 0xff, 0xff
};
const unsigned char image5 [] PROGMEM = {
  0xff, 0xff, 0xff, 0xff, 0xff, 0xff, 0xff, 0xff, 0xff, 0xff, 0xff, 0xff, 0xff, 0xff, 0xff, 0xff, 
	0xff, 0xff, 0xff, 0xff, 0xff, 0xff, 0xff, 0xff, 0xff, 0xff, 0xff, 0xcf, 0xff, 0xff, 0xff, 0xff, 
	0xff, 0xff, 0xff, 0xff, 0xff, 0xff, 0xff, 0xff, 0xff, 0xff, 0xff, 0x77, 0xff, 0xff, 0xff, 0xff, 
	0xff, 0xff, 0xff, 0xff, 0xff, 0xff, 0xff, 0xff, 0xff, 0xff, 0xfe, 0xaf, 0xfc, 0x7f, 0xff, 0xff, 
	0xff, 0xff, 0xff, 0xff, 0xff, 0xff, 0xff, 0xff, 0xff, 0xff, 0xfd, 0xff, 0xee, 0x7f, 0xff, 0xff, 
	0xff, 0xff, 0xff, 0xff, 0xff, 0xff, 0xff, 0xff, 0xff, 0xff, 0xfd, 0xdf, 0xb5, 0xff, 0xff, 0xff, 
	0xff, 0xff, 0xff, 0xff, 0xff, 0xff, 0xff, 0xff, 0xff, 0xff, 0xf3, 0xde, 0xcd, 0xff, 0xff, 0xff, 
	0xff, 0xff, 0xff, 0xff, 0xff, 0xff, 0xff, 0xff, 0xff, 0xff, 0xe7, 0xdd, 0x7b, 0xff, 0xff, 0xff, 
	0xff, 0xff, 0xff, 0xff, 0xff, 0xff, 0xff, 0xff, 0xff, 0xff, 0xff, 0xda, 0xdf, 0xff, 0xff, 0xff, 
	0xff, 0xff, 0xff, 0xff, 0xff, 0xff, 0xff, 0xff, 0xff, 0xff, 0xdf, 0xd7, 0xf7, 0xff, 0xff, 0xff, 
	0xff, 0xff, 0xff, 0xff, 0xff, 0xff, 0xff, 0xff, 0xff, 0xff, 0xdf, 0xef, 0xb7, 0xff, 0xff, 0xff, 
	0xff, 0xff, 0xff, 0xff, 0xff, 0xff, 0xff, 0xff, 0xff, 0xff, 0xff, 0xe7, 0xef, 0xff, 0xff, 0xff, 
	0xff, 0xff, 0xff, 0xff, 0xff, 0xff, 0xff, 0xff, 0xff, 0xff, 0xe7, 0xdf, 0xef, 0xff, 0xff, 0xff, 
	0xff, 0xff, 0xff, 0xff, 0xe1, 0xff, 0xff, 0xff, 0xf7, 0xef, 0xaf, 0xcf, 0xdb, 0xef, 0xff, 0xff, 
	0xff, 0xff, 0xff, 0xff, 0xc3, 0xff, 0xff, 0xff, 0xf7, 0xfa, 0xd7, 0xaf, 0x7f, 0xdf, 0xff, 0xff, 
	0xff, 0xff, 0xff, 0xff, 0xc0, 0xff, 0xf9, 0xff, 0xc0, 0x1d, 0xd7, 0xad, 0xf8, 0x7f, 0xff, 0xff, 
	0xff, 0xff, 0xff, 0xff, 0x80, 0x7f, 0xfd, 0xff, 0x7f, 0xff, 0xb0, 0x3b, 0xe7, 0xef, 0xff, 0xff, 
	0xff, 0xff, 0xff, 0xff, 0x80, 0x7f, 0xed, 0xff, 0xbf, 0xbd, 0xf0, 0xff, 0xff, 0xef, 0xff, 0xff, 
	0xff, 0xff, 0xff, 0xff, 0xc4, 0x3f, 0x9b, 0xff, 0x7e, 0x7f, 0xe2, 0x7f, 0xf8, 0xff, 0xff, 0xff, 
	0xff, 0xff, 0xff, 0xff, 0xc7, 0x84, 0x77, 0xff, 0xc1, 0xff, 0xff, 0x7f, 0xef, 0xff, 0xff, 0xff, 
	0xff, 0xff, 0xff, 0xff, 0x83, 0xff, 0xef, 0xff, 0xe3, 0x5f, 0xff, 0x7f, 0xff, 0xff, 0xff, 0xff, 
	0xff, 0xff, 0xff, 0xff, 0xbf, 0x7f, 0xff, 0xff, 0x05, 0xeb, 0xff, 0xfe, 0xff, 0xff, 0xff, 0xff, 
	0xff, 0xff, 0xff, 0xff, 0x7c, 0xff, 0xdf, 0xff, 0xfb, 0xb3, 0x3f, 0xb4, 0xff, 0xff, 0xff, 0xff, 
	0xff, 0xff, 0xff, 0xfe, 0xff, 0xff, 0xbf, 0xff, 0xfb, 0xfc, 0xff, 0xfe, 0xff, 0xff, 0xff, 0xff, 
	0xff, 0xff, 0xff, 0xfe, 0xfe, 0x4e, 0xff, 0xff, 0xf3, 0xeb, 0x03, 0xef, 0x7f, 0xff, 0x3d, 0xff, 
	0xff, 0xff, 0xff, 0xff, 0x03, 0xff, 0xff, 0xff, 0xcc, 0xff, 0x07, 0xef, 0x9f, 0xfc, 0xed, 0x1f, 
	0xff, 0xff, 0xff, 0xfe, 0x0f, 0xff, 0xff, 0xff, 0xbf, 0x7f, 0x17, 0xef, 0xe3, 0xf5, 0xf5, 0xd7, 
	0xff, 0xff, 0xff, 0x80, 0xff, 0xff, 0xff, 0xfe, 0x7f, 0x5e, 0x3f, 0xf7, 0xf4, 0x09, 0xf9, 0xfb, 
	0xff, 0xff, 0xff, 0x00, 0x3f, 0xff, 0xff, 0xfa, 0xff, 0xfe, 0xef, 0xbb, 0xfd, 0xfb, 0xfd, 0xeb, 
	0xff, 0xff, 0xfe, 0x00, 0x3f, 0xff, 0xff, 0xfc, 0xfd, 0xfd, 0xf7, 0xf1, 0xfd, 0xfb, 0xf5, 0xe9, 
	0xff, 0xff, 0xfc, 0x00, 0x3f, 0xff, 0xff, 0xfe, 0xfe, 0x01, 0xe7, 0xfe, 0x7d, 0xfb, 0xf7, 0xcd, 
	0xff, 0xff, 0xf8, 0x00, 0x3f, 0xff, 0xff, 0xff, 0x07, 0xfd, 0xf5, 0xff, 0xff, 0x9d, 0xf6, 0xdb, 
	0xff, 0xff, 0xe0, 0x00, 0x3f, 0xff, 0xff, 0xff, 0xff, 0xfe, 0xf7, 0xe0, 0x7f, 0xc0, 0xfe, 0xe7, 
	0xff, 0xfe, 0x02, 0x00, 0x3f, 0xff, 0xff, 0xff, 0xff, 0xfa, 0x37, 0xff, 0x9f, 0xff, 0xbb, 0x03, 
	0xff, 0xfc, 0x0e, 0x00, 0x7f, 0xff, 0xff, 0xff, 0xff, 0xff, 0xff, 0xff, 0xf7, 0xff, 0xd8, 0xff, 
	0xff, 0xe8, 0x3c, 0x00, 0x7f, 0xff, 0xff, 0xff, 0xff, 0xff, 0xff, 0xff, 0xeb, 0xff, 0xed, 0xff, 
	0xff, 0xf0, 0xc4, 0x00, 0x3f, 0xff, 0xff, 0xff, 0xff, 0xff, 0xff, 0xff, 0x8f, 0xff, 0xf5, 0xff, 
	0xff, 0xa1, 0x08, 0x00, 0x3f, 0xef, 0xdf, 0xbf, 0xef, 0xff, 0xff, 0xa2, 0xef, 0xff, 0xf5, 0x7f, 
	0xff, 0x60, 0x10, 0x00, 0x3e, 0xd7, 0xbf, 0x6b, 0xdf, 0xfd, 0x7f, 0xfb, 0xff, 0xfc, 0x7c, 0xff, 
	0xff, 0x8c, 0x00, 0x04, 0x7f, 0xef, 0xdf, 0xf7, 0xef, 0xfb, 0xfe, 0xf7, 0xf8, 0x23, 0x9e, 0xff, 
	0xec, 0x00, 0x00, 0x08, 0x7f, 0xff, 0xff, 0xff, 0xff, 0xff, 0xff, 0xef, 0xee, 0x14, 0xfc, 0xed, 
	0x58, 0x00, 0x00, 0x00, 0x75, 0xef, 0xdf, 0xf7, 0xef, 0xda, 0xff, 0xc7, 0xff, 0xe5, 0x5d, 0x5f, 
	0x28, 0x10, 0x00, 0x00, 0x1a, 0xd7, 0xbf, 0xff, 0xdf, 0xb5, 0x7f, 0xfc, 0x07, 0xf7, 0x9d, 0xad, 
	0x03, 0x04, 0x00, 0x00, 0x81, 0xc0, 0x00, 0xf0, 0x00, 0x00, 0x24, 0x79, 0x1f, 0xd4, 0x63, 0x39, 
	0x2b, 0x08, 0x00, 0x00, 0x41, 0xc1, 0xff, 0xff, 0x0f, 0xf8, 0x63, 0xfe, 0x3f, 0xb2, 0x39, 0x09, 
	0x02, 0xd4, 0x00, 0x40, 0x00, 0x00, 0x12, 0x0f, 0x00, 0x00, 0x2f, 0xff, 0xaf, 0x65, 0x31, 0x81, 
	0x00, 0x02, 0xb5, 0x00, 0x30, 0x00, 0x00, 0x00, 0x00, 0x00, 0x4f, 0xff, 0xec, 0xd2, 0x00, 0x01, 
	0x00, 0x01, 0xae, 0x38, 0x00, 0x00, 0x00, 0x00, 0x00, 0x00, 0x0f, 0xef, 0xff, 0x90, 0x00, 0x00, 
	0x20, 0x4d, 0x52, 0x00, 0x00, 0x10, 0xa0, 0x00, 0x00, 0x00, 0x67, 0xff, 0xfe, 0xb2, 0x10, 0x09, 
	0x10, 0x25, 0x02, 0x80, 0x00, 0x08, 0x40, 0x00, 0x00, 0x00, 0x59, 0xdf, 0xf0, 0x80, 0x00, 0x10, 
	0x00, 0x03, 0x03, 0x00, 0x00, 0x00, 0x00, 0x00, 0x00, 0x00, 0x4a, 0x0f, 0x01, 0x40, 0x00, 0x01, 
	0x00, 0x03, 0x0b, 0x00, 0x00, 0x00, 0x00, 0x00, 0x00, 0x00, 0x00, 0x3f, 0x00, 0x00, 0x00, 0x00, 
	0x00, 0x17, 0x07, 0x80, 0x00, 0x00, 0x00, 0x00, 0x00, 0x00, 0x4f, 0xff, 0xf1, 0x40, 0x00, 0x01, 
	0x0c, 0x0f, 0x03, 0x9e, 0x80, 0x00, 0x00, 0x00, 0x00, 0x00, 0x1f, 0xff, 0xfe, 0x00, 0x00, 0x00, 
	0x3f, 0xff, 0x03, 0xff, 0xe0, 0x00, 0x00, 0x00, 0x00, 0x00, 0x1f, 0xff, 0xd9, 0x80, 0x00, 0x00, 
	0x7f, 0xfe, 0x03, 0xff, 0xff, 0x00, 0x00, 0x00, 0x00, 0x00, 0x0f, 0xfe, 0x3e, 0x40, 0x00, 0x00, 
	0x3f, 0xfc, 0x02, 0x7f, 0xff, 0x00, 0x00, 0x00, 0x00, 0x00, 0x03, 0xf8, 0x7f, 0xa0, 0x00, 0x00, 
	0x0f, 0xf6, 0x02, 0x0f, 0xfc, 0x00, 0x00, 0x00, 0x00, 0x00, 0x00, 0x00, 0x0f, 0xa0, 0x38, 0x00, 
	0x00, 0x22, 0x02, 0x03, 0xc0, 0x00, 0x00, 0x00, 0x00, 0x00, 0x00, 0x1f, 0xf7, 0xc0, 0xb8, 0x00, 
	0x00, 0x02, 0x04, 0x00, 0x00, 0x00, 0x00, 0x00, 0x00, 0x00, 0x00, 0x1f, 0xe0, 0x03, 0xb8, 0x00, 
	0x00, 0x00, 0x00, 0x00, 0x00, 0x00, 0x00, 0x00, 0x00, 0x00, 0x00, 0x07, 0xcf, 0xfe, 0xf0, 0x00, 
	0x00, 0x00, 0x08, 0x00, 0x00, 0x00, 0x00, 0x00, 0x00, 0x00, 0x00, 0x00, 0xd3, 0xbf, 0xe8, 0x00, 
	0x00, 0x00, 0x00, 0x00, 0x00, 0x00, 0x00, 0x00, 0x00, 0x00, 0x00, 0x00, 0x1f, 0xff, 0xe8, 0x00, 
	0x00, 0x00, 0x00, 0x00, 0x00, 0x00, 0x00, 0x00, 0x00, 0x00, 0x00, 0x00, 0x07, 0xff, 0xd0, 0x00
};
const unsigned char image6 [] PROGMEM = {
  0xff, 0xff, 0xff, 0xff, 0xff, 0xff, 0xff, 0xff, 0xff, 0xff, 0xff, 0xff, 0xff, 0xff, 0xff, 0xff, 
	0xff, 0xff, 0xff, 0xff, 0xff, 0xff, 0xff, 0xff, 0xff, 0xff, 0xff, 0xff, 0xff, 0xff, 0xff, 0xff, 
	0x80, 0x00, 0x00, 0x00, 0x00, 0x00, 0x00, 0x00, 0x00, 0x00, 0x00, 0x00, 0x00, 0x00, 0x00, 0x00, 
	0xf3, 0x99, 0xdd, 0xcc, 0xe6, 0x77, 0x3b, 0xb9, 0xdc, 0xce, 0xe7, 0x73, 0x39, 0xb9, 0xdc, 0xe6, 
	0xb3, 0x99, 0x9c, 0xce, 0xe7, 0x77, 0x3b, 0x99, 0xdc, 0xce, 0x66, 0x73, 0x3b, 0x99, 0xdc, 0xee, 
	0xb3, 0x99, 0x9c, 0xcc, 0xe7, 0x77, 0x3b, 0xb9, 0xdc, 0xce, 0x66, 0x73, 0x3b, 0x99, 0xcc, 0xee, 
	0xb3, 0x99, 0x9d, 0xcc, 0xe7, 0x63, 0x3b, 0x99, 0xdc, 0xce, 0x66, 0x73, 0x39, 0x99, 0xcc, 0xee, 
	0xb3, 0x99, 0x9c, 0xcc, 0x67, 0x77, 0x3b, 0x99, 0xdc, 0xce, 0x66, 0x73, 0x3b, 0x99, 0xcc, 0xe6, 
	0xb7, 0xbd, 0xbd, 0xec, 0xef, 0x73, 0x3b, 0x99, 0xdc, 0xce, 0x66, 0x73, 0x3b, 0x99, 0xcc, 0xee, 
	0xb7, 0xbd, 0xad, 0xed, 0xef, 0x7b, 0x7b, 0xdb, 0xde, 0xde, 0xf6, 0xf7, 0xbd, 0xbd, 0xfd, 0xef, 
	0xb5, 0xbd, 0xad, 0xed, 0xef, 0x7b, 0x7b, 0xdb, 0xde, 0xde, 0xf6, 0xf7, 0xbf, 0xbd, 0x6d, 0xef, 
	0xbd, 0xff, 0xbd, 0xef, 0x7f, 0xfb, 0x7b, 0xdf, 0xde, 0xde, 0xf7, 0xf7, 0xbf, 0x9d, 0xed, 0xef, 
	0xbd, 0xff, 0xa5, 0xef, 0x7f, 0xff, 0x7b, 0xdf, 0xff, 0xde, 0xf7, 0xff, 0xff, 0xbd, 0xef, 0xf7, 
	0xbf, 0xdf, 0xb5, 0xef, 0x7f, 0x3f, 0x7b, 0xd9, 0xff, 0xde, 0xd7, 0xff, 0xf4, 0x3d, 0xef, 0xe7, 
	0xbf, 0xff, 0xf5, 0xff, 0x7f, 0x3f, 0xfb, 0xfd, 0xff, 0xff, 0xd7, 0xff, 0xfc, 0xbd, 0xef, 0xef, 
	0xbf, 0xff, 0xf5, 0xff, 0x7f, 0x3f, 0xfb, 0xfd, 0xff, 0xdf, 0xd7, 0xff, 0xf5, 0xbf, 0xef, 0xef, 
	0xbf, 0xff, 0xf5, 0xff, 0xff, 0xbf, 0xff, 0xf9, 0xff, 0xff, 0x97, 0xff, 0xec, 0xbf, 0xef, 0xe7, 
	0xbf, 0xff, 0xf5, 0xff, 0xff, 0xbf, 0xff, 0xfd, 0xff, 0xff, 0x97, 0xff, 0xfe, 0xbf, 0xff, 0xd7, 
	0xbf, 0xff, 0xf5, 0xff, 0xff, 0x3f, 0xff, 0xfd, 0xff, 0xff, 0x87, 0xff, 0xff, 0xbf, 0xff, 0xd7, 
	0xbf, 0xff, 0xf5, 0xff, 0xff, 0x3f, 0xff, 0xfd, 0xff, 0xff, 0xd7, 0xff, 0xfd, 0x3f, 0xff, 0xf7, 
	0xbf, 0xff, 0xe1, 0xff, 0xff, 0x3f, 0xff, 0xf9, 0xff, 0xff, 0xc7, 0xff, 0xfc, 0xbf, 0xff, 0xe7, 
	0xff, 0xff, 0xff, 0xff, 0xff, 0xff, 0xff, 0xff, 0xff, 0xff, 0xe7, 0xff, 0xfe, 0xbf, 0xff, 0xef, 
	0xff, 0xff, 0xff, 0xff, 0xff, 0xff, 0xff, 0xff, 0xff, 0xff, 0xff, 0xff, 0xff, 0xff, 0xff, 0xff, 
	0xff, 0xff, 0xff, 0xff, 0xff, 0xff, 0xff, 0xff, 0xff, 0xff, 0xff, 0xff, 0xff, 0xff, 0xff, 0xff, 
	0xff, 0xff, 0xff, 0xff, 0xff, 0xff, 0xff, 0xff, 0xff, 0xff, 0xff, 0xff, 0xff, 0xff, 0xff, 0xff, 
	0xff, 0xff, 0xff, 0xff, 0xff, 0xff, 0xff, 0xff, 0xff, 0xff, 0xff, 0xff, 0xff, 0xff, 0xff, 0xff, 
	0xff, 0xff, 0xff, 0xff, 0xff, 0xff, 0xff, 0xff, 0xff, 0xff, 0xff, 0xff, 0xff, 0xff, 0xff, 0xff, 
	0xff, 0xff, 0xff, 0xff, 0xff, 0xff, 0xff, 0xff, 0xff, 0xff, 0xff, 0xff, 0xff, 0xff, 0xff, 0xff, 
	0xff, 0xff, 0xff, 0xff, 0xff, 0xff, 0xff, 0xff, 0xff, 0xff, 0xff, 0xff, 0xff, 0xff, 0xff, 0xff, 
	0xff, 0xff, 0xff, 0xff, 0xff, 0xff, 0xff, 0xff, 0xff, 0xff, 0xff, 0xff, 0xff, 0xff, 0xff, 0xff, 
	0xff, 0xff, 0xff, 0xff, 0xff, 0xff, 0xff, 0xff, 0xff, 0xff, 0xff, 0xff, 0xff, 0xff, 0xff, 0xff, 
	0xff, 0xff, 0xff, 0xff, 0xff, 0xff, 0xff, 0xff, 0xff, 0xff, 0xff, 0xef, 0xff, 0xff, 0xff, 0xff, 
	0xff, 0xff, 0xff, 0xff, 0xff, 0xff, 0xff, 0xff, 0xff, 0xff, 0xff, 0xff, 0xff, 0xff, 0xff, 0xff, 
	0xff, 0xff, 0xff, 0xff, 0xff, 0xff, 0xff, 0xff, 0xff, 0xff, 0xff, 0xff, 0xff, 0xff, 0xff, 0xff, 
	0xff, 0xff, 0xff, 0xff, 0xff, 0xff, 0xff, 0xff, 0xff, 0xff, 0xff, 0xff, 0xff, 0xff, 0xff, 0xff, 
	0xff, 0xff, 0xff, 0xff, 0xff, 0xff, 0xff, 0xff, 0xff, 0xff, 0xff, 0xff, 0xff, 0xff, 0xff, 0xff, 
	0xf7, 0xff, 0xff, 0xff, 0xff, 0xff, 0xff, 0xff, 0xff, 0xff, 0xff, 0xff, 0xff, 0xff, 0xff, 0xff, 
	0xff, 0xff, 0xff, 0xff, 0xff, 0xff, 0xff, 0xff, 0xff, 0xff, 0xff, 0xff, 0xff, 0xff, 0xff, 0xff, 
	0xff, 0xff, 0xff, 0xff, 0xff, 0xff, 0xff, 0xff, 0xff, 0xff, 0xff, 0xff, 0xff, 0xff, 0xff, 0xff, 
	0xff, 0xff, 0xff, 0xff, 0xff, 0xff, 0xff, 0xff, 0xff, 0xff, 0xff, 0xff, 0xff, 0xff, 0xff, 0xff, 
	0xff, 0xef, 0xff, 0xfd, 0xff, 0xff, 0xff, 0xff, 0xff, 0xbf, 0xff, 0xff, 0xff, 0xff, 0xff, 0xff, 
	0xff, 0xff, 0xff, 0xff, 0xff, 0xff, 0xff, 0xff, 0xff, 0xff, 0xff, 0xff, 0xff, 0xff, 0xff, 0xff, 
	0xff, 0xff, 0xff, 0xff, 0xff, 0xff, 0xff, 0xff, 0xff, 0xff, 0xff, 0xff, 0xff, 0xff, 0xff, 0xff, 
	0xff, 0xff, 0xff, 0xfd, 0xff, 0xff, 0xff, 0xff, 0xff, 0xff, 0xff, 0xff, 0xf7, 0xff, 0xff, 0xff, 
	0xf5, 0xf5, 0xf9, 0xf9, 0xf9, 0xfb, 0xfa, 0xfa, 0xfc, 0xfe, 0xfc, 0xfc, 0xfc, 0xff, 0xfc, 0xfe, 
	0xf7, 0xf5, 0xf9, 0xf9, 0xf9, 0xf9, 0xfb, 0xfb, 0xff, 0xfe, 0xfc, 0xf4, 0xfd, 0xff, 0xfc, 0xfe, 
	0xf7, 0xf3, 0xfb, 0xfd, 0xf9, 0xf9, 0xf9, 0xfa, 0xfb, 0xff, 0xfc, 0xfc, 0xfd, 0xfd, 0xfe, 0x7e, 
	0xf7, 0xf1, 0xf9, 0xf9, 0xf9, 0xf9, 0xfb, 0xfa, 0xfe, 0xfe, 0xf4, 0xfc, 0xfd, 0xfd, 0xff, 0xfe, 
	0xff, 0xff, 0xff, 0xff, 0xff, 0xfd, 0xff, 0xff, 0xff, 0xfc, 0xfb, 0xff, 0xff, 0xff, 0xff, 0xff, 
	0xfb, 0xfb, 0xfb, 0xff, 0xff, 0xfd, 0xfd, 0xfd, 0xfd, 0xff, 0xff, 0xff, 0xfe, 0xfe, 0xfe, 0xff, 
	0xfb, 0xfb, 0xff, 0xff, 0xff, 0xfd, 0xfd, 0xfd, 0xfd, 0xff, 0xff, 0xff, 0xfe, 0xfe, 0xfe, 0xff, 
	0xfb, 0xfb, 0xff, 0xff, 0xff, 0xfd, 0xfd, 0xfd, 0xfd, 0xff, 0xff, 0xff, 0xfe, 0xfe, 0xfe, 0xff, 
	0xbb, 0xbb, 0xbb, 0xff, 0xff, 0xfd, 0xdd, 0xdd, 0xdd, 0xdf, 0xff, 0xff, 0xfe, 0xee, 0xee, 0xef, 
	0x9b, 0x3b, 0xbf, 0xff, 0xff, 0xfd, 0xdd, 0xdd, 0xdc, 0x5f, 0xff, 0xff, 0xfe, 0xee, 0xee, 0xef, 
	0xb3, 0xbb, 0xbf, 0xff, 0xff, 0xdd, 0xdd, 0xdd, 0xdd, 0xdf, 0xff, 0xff, 0xfe, 0xee, 0xee, 0xef, 
	0x9b, 0xbb, 0xed, 0xf6, 0xe7, 0x31, 0x9d, 0xdd, 0xdc, 0xd6, 0x33, 0x3b, 0xdc, 0xcc, 0xee, 0x63, 
	0x81, 0x98, 0x8c, 0x46, 0x22, 0x31, 0x19, 0x8c, 0x44, 0x42, 0x22, 0x11, 0x98, 0x8c, 0x46, 0x23, 
	0x90, 0x18, 0xc4, 0x44, 0x22, 0x11, 0x19, 0x8c, 0xc4, 0x42, 0x22, 0x31, 0x18, 0x48, 0x42, 0x23, 
	0x91, 0x98, 0xc4, 0x46, 0x22, 0x33, 0x19, 0x8c, 0xc4, 0x42, 0x22, 0x11, 0x90, 0x8c, 0x46, 0x23, 
	0x80, 0x00, 0x00, 0x00, 0x00, 0x00, 0x00, 0x00, 0x00, 0x00, 0x00, 0x00, 0x00, 0x00, 0x02, 0x23, 
	0xc0, 0x00, 0x03, 0x88, 0x00, 0x01, 0x40, 0x40, 0x00, 0x00, 0x00, 0x00, 0x00, 0x00, 0x00, 0x01, 
	0xff, 0xff, 0xff, 0xff, 0xff, 0xff, 0xff, 0xff, 0xff, 0xff, 0xff, 0xff, 0xff, 0xff, 0xff, 0xff, 
	0xff, 0xff, 0xff, 0xff, 0xff, 0xff, 0xff, 0xff, 0xff, 0xff, 0xff, 0xff, 0xff, 0xff, 0xff, 0xff, 
	0xff, 0xff, 0xff, 0xff, 0xff, 0xff, 0xff, 0xff, 0xff, 0xff, 0xff, 0xff, 0xff, 0xff, 0xff, 0xff
};
const unsigned char image7 [] PROGMEM = {
  0xff, 0xff, 0xff, 0xff, 0xff, 0xff, 0xff, 0xff, 0xff, 0xff, 0xff, 0xff, 0xff, 0xff, 0xff, 0xff, 
	0xff, 0xff, 0xff, 0xff, 0xff, 0xff, 0xff, 0xff, 0xff, 0xff, 0xff, 0xff, 0xff, 0xff, 0xff, 0xff, 
	0xff, 0xff, 0xff, 0xff, 0xff, 0xff, 0xff, 0xff, 0xff, 0xff, 0xff, 0xff, 0xff, 0xff, 0xff, 0xff, 
	0xff, 0xff, 0xff, 0xff, 0xff, 0xff, 0xff, 0xff, 0xff, 0xff, 0xff, 0xff, 0xff, 0xff, 0xff, 0xff, 
	0xff, 0xff, 0xff, 0xff, 0xff, 0xff, 0xff, 0xff, 0xff, 0xff, 0xff, 0xff, 0xff, 0xff, 0xff, 0xff, 
	0xff, 0xff, 0xff, 0xff, 0xff, 0xff, 0xff, 0xff, 0xff, 0x7f, 0xff, 0xff, 0xff, 0xff, 0xff, 0xff, 
	0xff, 0xff, 0xff, 0xff, 0xff, 0xff, 0xff, 0xff, 0xfe, 0x7f, 0xff, 0xff, 0xff, 0xff, 0xff, 0xff, 
	0xff, 0xff, 0xff, 0xff, 0xff, 0xff, 0xff, 0xff, 0xfe, 0x7f, 0xff, 0xff, 0xff, 0xff, 0xff, 0xff, 
	0xff, 0xff, 0xff, 0xff, 0xff, 0xe0, 0x00, 0x00, 0x00, 0x3f, 0xff, 0xff, 0xff, 0xff, 0xff, 0xff, 
	0xff, 0xff, 0xff, 0xff, 0xff, 0xef, 0xff, 0xff, 0xfc, 0x3f, 0xff, 0xff, 0xff, 0xff, 0xff, 0xff, 
	0xff, 0xff, 0xff, 0xff, 0xff, 0xef, 0xff, 0xff, 0xf9, 0xdf, 0xff, 0xff, 0xff, 0xff, 0xff, 0xff, 
	0xff, 0xff, 0xff, 0xff, 0xff, 0xef, 0xff, 0xff, 0xf3, 0xcf, 0xff, 0xff, 0xff, 0xff, 0xff, 0xff, 
	0xff, 0xff, 0xff, 0xff, 0xff, 0xef, 0xff, 0xff, 0xe7, 0xf7, 0xff, 0xff, 0xff, 0xff, 0xff, 0xff, 
	0xff, 0xf8, 0x00, 0x0f, 0xff, 0xef, 0xff, 0x3e, 0xcf, 0xf3, 0xfb, 0xff, 0xff, 0xff, 0xff, 0xff, 
	0xff, 0xff, 0xff, 0xe5, 0xbf, 0xef, 0xff, 0x3e, 0x1f, 0xfd, 0x39, 0xff, 0xff, 0xff, 0xff, 0xff, 
	0xff, 0xff, 0xff, 0xf5, 0xbf, 0xef, 0xff, 0x0e, 0x3f, 0xfc, 0x30, 0xff, 0xff, 0xff, 0xff, 0xff, 
	0xff, 0xff, 0xff, 0xe5, 0xbf, 0xef, 0xff, 0x08, 0x1f, 0xfc, 0x18, 0xff, 0xff, 0xff, 0xff, 0xff, 
	0xff, 0xff, 0xff, 0xc5, 0xbf, 0xef, 0xff, 0xf0, 0x7f, 0xfc, 0x0f, 0xff, 0xff, 0xff, 0xff, 0xff, 
	0xff, 0xff, 0xff, 0xf5, 0xa0, 0x0f, 0xff, 0xf8, 0x7f, 0xfc, 0x0f, 0xff, 0xff, 0xff, 0xff, 0xff, 
	0xff, 0xff, 0xff, 0xc5, 0x9f, 0xff, 0xff, 0xf8, 0x7f, 0xff, 0x8f, 0xff, 0xff, 0xff, 0xff, 0xff, 
	0xff, 0xff, 0xff, 0xe5, 0xbf, 0xff, 0xff, 0xf6, 0xff, 0xff, 0x27, 0xff, 0xff, 0xff, 0xff, 0xff, 
	0xff, 0xff, 0xff, 0xf5, 0x87, 0xff, 0xff, 0xef, 0xff, 0xff, 0xf3, 0xff, 0xff, 0xff, 0xff, 0xff, 
	0xff, 0xff, 0xff, 0xf5, 0xcf, 0xff, 0xff, 0xdf, 0xff, 0xff, 0xf9, 0xff, 0xff, 0xff, 0xff, 0xff, 
	0xff, 0xff, 0xff, 0xc5, 0xbf, 0xff, 0xff, 0x9f, 0xff, 0xff, 0xfc, 0xff, 0xff, 0xff, 0xff, 0xff, 
	0xff, 0xff, 0xff, 0xf5, 0x87, 0xff, 0xff, 0x7f, 0xff, 0xff, 0xfe, 0x7f, 0xff, 0xff, 0xff, 0xff, 
	0xfa, 0xc0, 0x3f, 0xf5, 0x8f, 0xff, 0xfc, 0x7f, 0xff, 0xff, 0xff, 0x1f, 0xff, 0xff, 0xff, 0xff, 
	0xf0, 0x00, 0x3f, 0xc5, 0xbf, 0xff, 0xe0, 0xff, 0xff, 0xff, 0xff, 0x80, 0x00, 0x00, 0x1f, 0xff, 
	0xff, 0xfd, 0xff, 0xf5, 0x9f, 0xff, 0xe4, 0x7f, 0xff, 0xff, 0xff, 0x1f, 0xff, 0xff, 0xdf, 0xff, 
	0xff, 0xff, 0xff, 0xf5, 0x87, 0xff, 0xed, 0x3f, 0xff, 0xff, 0xfe, 0x63, 0xff, 0xff, 0xdf, 0xff, 
	0xff, 0xff, 0xff, 0xc5, 0xbf, 0xff, 0xfd, 0xbf, 0xff, 0xff, 0xfc, 0xeb, 0xff, 0xff, 0xdf, 0xff, 
	0xff, 0xff, 0xff, 0xc5, 0x8f, 0xff, 0xfd, 0xcf, 0xff, 0xff, 0xf9, 0xf3, 0xff, 0xff, 0xdf, 0xff, 
	0xff, 0xff, 0xff, 0xf5, 0x87, 0xff, 0xfd, 0xef, 0xff, 0xff, 0xf3, 0xff, 0xff, 0xff, 0xdf, 0x7f, 
	0xff, 0xff, 0xff, 0xe5, 0x9f, 0xff, 0xfd, 0xf2, 0xff, 0xff, 0x27, 0xff, 0xff, 0xff, 0xde, 0x7f, 
	0xff, 0xff, 0xff, 0xc5, 0x9f, 0xff, 0xfd, 0xf0, 0xff, 0xff, 0x8f, 0xff, 0xff, 0xff, 0xdf, 0x7f, 
	0xff, 0xff, 0xff, 0xf5, 0x80, 0x07, 0xfd, 0xf8, 0x7f, 0xff, 0x8f, 0xff, 0xff, 0xff, 0xdf, 0xff, 
	0xff, 0xff, 0xff, 0xe5, 0xbf, 0xe7, 0xfd, 0xf0, 0x1f, 0xfc, 0x0f, 0xff, 0xff, 0xff, 0xcf, 0xff, 
	0xff, 0xff, 0xff, 0xc5, 0xbf, 0xe7, 0xfd, 0xf0, 0x3f, 0xfc, 0x1f, 0xff, 0xff, 0xff, 0x8f, 0xff, 
	0xff, 0xff, 0xff, 0xf5, 0xbf, 0xe7, 0xfd, 0xdf, 0x3f, 0xfc, 0x3f, 0xff, 0xff, 0xff, 0x9f, 0xff, 
	0xff, 0xff, 0xff, 0xf5, 0xbf, 0xe7, 0xfd, 0x8e, 0x9f, 0xf9, 0x37, 0xff, 0xff, 0xfc, 0xce, 0x7f, 
	0xff, 0xf8, 0x00, 0x05, 0xbf, 0xe7, 0xfd, 0x8f, 0xcf, 0xfb, 0xf3, 0xff, 0xff, 0xfc, 0x9e, 0x17, 
	0xff, 0xff, 0xff, 0xff, 0xff, 0xe7, 0xfd, 0xcf, 0xe7, 0xf7, 0xf1, 0xff, 0xff, 0xfc, 0x8f, 0x07, 
	0xff, 0xff, 0xff, 0xff, 0xff, 0xe7, 0xfd, 0xff, 0xf3, 0xef, 0xf5, 0xff, 0xff, 0xff, 0xcf, 0xff, 
	0xff, 0xff, 0xff, 0xff, 0xff, 0xe7, 0xfd, 0xff, 0xf9, 0xdf, 0xff, 0xff, 0xff, 0xff, 0x9f, 0xff, 
	0xff, 0xff, 0xff, 0xff, 0xff, 0xe7, 0xfd, 0xff, 0xfc, 0x9f, 0xff, 0xff, 0xff, 0xff, 0x9f, 0xff, 
	0xff, 0xff, 0xff, 0xff, 0xff, 0xe7, 0xfd, 0xff, 0xfe, 0x3f, 0xff, 0xff, 0xff, 0xff, 0xdf, 0xff, 
	0xff, 0xff, 0xff, 0xff, 0xff, 0xf0, 0x00, 0x00, 0x00, 0x3f, 0xff, 0xff, 0xff, 0xff, 0xdf, 0xff, 
	0xff, 0xff, 0xff, 0xff, 0xff, 0xff, 0xfd, 0xff, 0xff, 0xff, 0xff, 0xff, 0xff, 0xff, 0xdf, 0xff, 
	0xff, 0xff, 0xff, 0xff, 0xff, 0xff, 0xfd, 0xff, 0xff, 0x7f, 0xff, 0xff, 0xff, 0xff, 0xdf, 0xff, 
	0xff, 0xff, 0xff, 0xff, 0xff, 0xff, 0xfd, 0xff, 0xff, 0x7f, 0xff, 0xff, 0xff, 0xff, 0xdc, 0x7f, 
	0xff, 0xff, 0xff, 0xff, 0xff, 0xff, 0xfd, 0xff, 0xff, 0x7f, 0xff, 0xff, 0xff, 0xff, 0xdf, 0xff, 
	0xff, 0xff, 0xff, 0xff, 0xff, 0xff, 0xfd, 0xff, 0xff, 0xff, 0xff, 0xff, 0xff, 0xff, 0xdf, 0xff, 
	0xff, 0xff, 0xff, 0xff, 0xff, 0xff, 0xfd, 0xff, 0xff, 0xff, 0xff, 0xff, 0xff, 0xff, 0x8f, 0xff, 
	0xff, 0xff, 0xff, 0xff, 0xff, 0xff, 0xfc, 0x00, 0x00, 0x00, 0x00, 0x00, 0x00, 0x00, 0x0f, 0xff, 
	0xff, 0xff, 0xff, 0xff, 0xff, 0xff, 0xff, 0xff, 0xff, 0xff, 0xff, 0xff, 0xff, 0xff, 0xdf, 0xff, 
	0xff, 0xff, 0xff, 0xff, 0xff, 0xff, 0xff, 0xff, 0xff, 0xff, 0xff, 0xff, 0xff, 0xff, 0xdf, 0xff, 
	0xff, 0xff, 0xff, 0xff, 0xff, 0xff, 0xff, 0xff, 0xff, 0xff, 0xff, 0xff, 0xff, 0xff, 0x07, 0xff, 
	0xff, 0xff, 0xff, 0xff, 0xff, 0xff, 0xff, 0xff, 0xff, 0xff, 0xff, 0xff, 0xff, 0xff, 0x8f, 0xff, 
	0xff, 0xff, 0xff, 0xff, 0xff, 0xff, 0xff, 0xff, 0xff, 0xff, 0xff, 0xff, 0xff, 0xff, 0x8f, 0xff, 
	0xff, 0xff, 0xff, 0xff, 0xff, 0xff, 0xff, 0xff, 0xff, 0xff, 0xff, 0xff, 0xff, 0xff, 0xdf, 0xff, 
	0xff, 0xff, 0xff, 0xff, 0xff, 0xff, 0xff, 0xff, 0xff, 0xff, 0xff, 0xff, 0xff, 0xff, 0xff, 0xff, 
	0xff, 0xff, 0xff, 0xff, 0xff, 0xff, 0xff, 0xff, 0xff, 0xff, 0xff, 0xff, 0xff, 0xff, 0xff, 0xff, 
	0xff, 0xff, 0xff, 0xff, 0xff, 0xff, 0xff, 0xff, 0xff, 0xff, 0xff, 0xff, 0xff, 0xff, 0xff, 0xff, 
	0xff, 0xff, 0xff, 0xff, 0xff, 0xff, 0xff, 0xff, 0xff, 0xff, 0xff, 0xff, 0xff, 0xff, 0xff, 0xff, 
	0xff, 0xff, 0xff, 0xff, 0xff, 0xff, 0xff, 0xff, 0xff, 0xff, 0xff, 0xff, 0xff, 0xff, 0xff, 0xff
};
const unsigned char image8 [] PROGMEM = {
  0xff, 0xff, 0xff, 0xff, 0xff, 0xf9, 0xdf, 0xff, 0xff, 0xff, 0xff, 0xff, 0xff, 0xff, 0xff, 0xff, 
	0xff, 0xff, 0xff, 0xff, 0xff, 0xbb, 0xfd, 0xff, 0xff, 0xff, 0xff, 0xff, 0xff, 0xff, 0xff, 0xff, 
	0xff, 0xff, 0xff, 0xff, 0xff, 0xbb, 0xbb, 0xcf, 0xdf, 0xff, 0xff, 0xff, 0xff, 0xff, 0xff, 0xff, 
	0xff, 0xff, 0xff, 0xff, 0x7f, 0xbf, 0xfb, 0xbf, 0x9f, 0xff, 0xff, 0xff, 0xff, 0xff, 0xff, 0xff, 
	0xff, 0xff, 0xff, 0xfb, 0xff, 0xff, 0xff, 0xff, 0xff, 0xff, 0xff, 0xff, 0xff, 0xff, 0xff, 0xff, 
	0xff, 0xff, 0xff, 0xfb, 0xbf, 0xfe, 0x7f, 0xff, 0xff, 0xff, 0xff, 0xff, 0xff, 0xff, 0xff, 0xff, 
	0xff, 0xff, 0xff, 0xfb, 0xff, 0xff, 0xff, 0xff, 0xff, 0xff, 0xff, 0xff, 0xff, 0xff, 0xff, 0xff, 
	0xff, 0xff, 0xff, 0xbf, 0xee, 0xf7, 0x7f, 0xcf, 0xef, 0xff, 0xff, 0xff, 0xff, 0xff, 0xff, 0xff, 
	0xff, 0xff, 0xff, 0xff, 0xfe, 0xe4, 0x63, 0xc3, 0xff, 0xff, 0xff, 0xff, 0xff, 0xff, 0xff, 0xff, 
	0xff, 0xff, 0xfd, 0xdd, 0xde, 0x00, 0x00, 0x87, 0xff, 0xff, 0xff, 0xff, 0xff, 0xff, 0xff, 0xff, 
	0xff, 0xff, 0xfd, 0xbb, 0xc8, 0x00, 0x01, 0x8f, 0xfd, 0xff, 0xff, 0xff, 0xff, 0xff, 0xff, 0xff, 
	0xff, 0xff, 0xff, 0xee, 0xc0, 0x00, 0x01, 0x84, 0xff, 0xdf, 0xff, 0xff, 0xff, 0xff, 0xff, 0xff, 
	0xff, 0xff, 0xff, 0xde, 0x80, 0x00, 0x03, 0x81, 0xff, 0xbf, 0xff, 0xff, 0xff, 0xff, 0xff, 0xff, 
	0xff, 0xff, 0xff, 0xbe, 0x00, 0x00, 0x43, 0x21, 0xfb, 0xff, 0xff, 0xef, 0x7f, 0xff, 0xff, 0xff, 
	0xff, 0xff, 0xef, 0x64, 0x00, 0x00, 0x06, 0x20, 0x5d, 0xf7, 0xfd, 0xef, 0x73, 0xff, 0xff, 0xff, 
	0xff, 0xff, 0xf6, 0xe0, 0x00, 0x00, 0x06, 0x00, 0x1f, 0xef, 0xfc, 0xe0, 0x03, 0x9f, 0xff, 0xff, 
	0xff, 0xff, 0x7d, 0x60, 0x00, 0x00, 0x0e, 0x00, 0x0d, 0xff, 0xde, 0x00, 0x00, 0x9f, 0xff, 0xff, 
	0xff, 0xff, 0x3f, 0x00, 0x00, 0x00, 0x0c, 0x00, 0x01, 0xff, 0xc8, 0x00, 0x00, 0x3f, 0xff, 0xff, 
	0xff, 0xff, 0xff, 0x80, 0x00, 0x00, 0x18, 0x00, 0x03, 0xff, 0xe0, 0x00, 0x00, 0x09, 0xff, 0xff, 
	0xff, 0xff, 0xf7, 0x80, 0x00, 0x00, 0x18, 0x00, 0x03, 0xce, 0xc0, 0x02, 0x00, 0x03, 0xff, 0xff, 
	0xff, 0xfc, 0xfc, 0x00, 0x10, 0x00, 0x38, 0x00, 0x00, 0x7f, 0x00, 0x22, 0x20, 0x03, 0xff, 0xff, 
	0xff, 0xff, 0x7c, 0x00, 0x10, 0x00, 0x30, 0x00, 0x00, 0xfe, 0x00, 0x73, 0x62, 0x01, 0xbf, 0xff, 
	0xff, 0xff, 0xfe, 0x00, 0x00, 0x00, 0x72, 0x00, 0x00, 0xfe, 0x02, 0x3f, 0xf6, 0x00, 0x3f, 0xff, 
	0xff, 0xff, 0xf4, 0x00, 0x00, 0x04, 0xe2, 0x00, 0x00, 0xff, 0xc3, 0x7f, 0xfe, 0x00, 0x7f, 0xff, 
	0xff, 0xfb, 0xf0, 0x00, 0x00, 0x00, 0xc4, 0x00, 0x00, 0x17, 0x81, 0xff, 0xff, 0xc0, 0x7f, 0xff, 
	0xff, 0xff, 0xf8, 0x00, 0x00, 0x01, 0xc4, 0x00, 0x00, 0x3f, 0x03, 0xff, 0xff, 0x80, 0x0f, 0xff, 
	0xff, 0xff, 0xf8, 0x00, 0x00, 0x01, 0xc4, 0x00, 0x00, 0x31, 0x1f, 0xff, 0xff, 0x80, 0x0f, 0xff, 
	0xff, 0xf7, 0xb8, 0x00, 0x10, 0x03, 0x88, 0x40, 0x00, 0x7f, 0xef, 0xff, 0xff, 0xf8, 0x3f, 0xff, 
	0xff, 0xfb, 0xa0, 0x04, 0x00, 0x07, 0xc0, 0x00, 0x00, 0x1f, 0x8f, 0xff, 0xff, 0xe0, 0x1f, 0xff, 
	0xff, 0xff, 0xf8, 0x00, 0x00, 0x3f, 0xff, 0xff, 0xff, 0xff, 0xec, 0x97, 0xff, 0xe0, 0x03, 0xff, 
	0xff, 0xff, 0xf8, 0x00, 0x07, 0xf9, 0xa7, 0xff, 0xff, 0xff, 0xff, 0xf9, 0xe7, 0xf0, 0x07, 0xff, 
	0xff, 0xee, 0xf6, 0x59, 0xff, 0xf9, 0x37, 0xff, 0xfd, 0xff, 0xff, 0xe9, 0xb3, 0xfc, 0x1f, 0xff, 
	0xff, 0xf0, 0xa0, 0x1f, 0xff, 0xd0, 0x27, 0xff, 0xfd, 0xff, 0xff, 0xfd, 0x17, 0xf0, 0x1d, 0xff, 
	0xff, 0xfe, 0x11, 0xff, 0xf8, 0x0f, 0x27, 0xff, 0xff, 0xff, 0xff, 0xef, 0x03, 0xd0, 0x07, 0xff, 
	0xff, 0xfe, 0xb7, 0xf8, 0x00, 0x0e, 0xe0, 0x00, 0x00, 0x00, 0x00, 0x0c, 0x23, 0xfc, 0x03, 0xff, 
	0xff, 0xff, 0x9e, 0x00, 0x04, 0x87, 0x81, 0x08, 0x00, 0x3b, 0xc0, 0x07, 0xc7, 0xe8, 0x1f, 0xff, 
	0xff, 0xff, 0x00, 0x01, 0x0e, 0x14, 0xe0, 0x00, 0x00, 0x0f, 0xc8, 0x00, 0x0f, 0xe0, 0x1f, 0xff, 
	0xff, 0xff, 0x40, 0x00, 0x04, 0x04, 0xf8, 0x00, 0x00, 0x0f, 0x1f, 0xf0, 0x1f, 0xe0, 0x07, 0xff, 
	0xff, 0xf7, 0xdc, 0x00, 0x00, 0x00, 0x3c, 0x00, 0x00, 0x77, 0x03, 0xff, 0xff, 0xf0, 0x0f, 0xff, 
	0xff, 0xf0, 0xb8, 0x00, 0x80, 0x00, 0x1e, 0x00, 0x00, 0x77, 0x83, 0xff, 0xff, 0x80, 0x3f, 0xff, 
	0xff, 0xff, 0xb8, 0x00, 0x00, 0x80, 0x0e, 0x00, 0x00, 0x1e, 0x86, 0xff, 0xff, 0x80, 0x7f, 0xff, 
	0xff, 0xff, 0x9e, 0x00, 0x02, 0x00, 0x07, 0x89, 0x00, 0xfe, 0x00, 0x7f, 0xfc, 0x80, 0x1f, 0xff, 
	0xff, 0xff, 0xde, 0x00, 0x00, 0x00, 0x03, 0x80, 0x01, 0xfe, 0x00, 0xcf, 0xfc, 0x00, 0xff, 0xff, 
	0xff, 0xff, 0xc8, 0x00, 0x00, 0x00, 0x01, 0xe4, 0x00, 0x7f, 0x00, 0x0c, 0xc4, 0x01, 0xff, 0xff, 
	0xff, 0xff, 0xaf, 0x80, 0x20, 0x00, 0x00, 0xf0, 0x01, 0x5a, 0xc0, 0x08, 0x40, 0x00, 0xff, 0xff, 
	0xff, 0xff, 0xe7, 0x80, 0x00, 0x00, 0x00, 0x78, 0x03, 0xff, 0xc0, 0x00, 0x00, 0x04, 0xff, 0xff, 
	0xff, 0xfe, 0x93, 0x00, 0x00, 0x00, 0x00, 0x1c, 0x07, 0xff, 0x90, 0x20, 0x00, 0x1f, 0xff, 0xff, 
	0xff, 0xff, 0xfb, 0x60, 0x00, 0x00, 0x00, 0x1e, 0x01, 0xe5, 0xfc, 0x00, 0x00, 0x07, 0xff, 0xff, 
	0xff, 0xff, 0xfd, 0xf0, 0x00, 0x00, 0x00, 0x06, 0x1f, 0xff, 0xf8, 0x00, 0x00, 0xef, 0xff, 0xff, 
	0xff, 0xff, 0xf4, 0xe0, 0x00, 0x00, 0x00, 0x03, 0x1c, 0xff, 0xf9, 0xc0, 0x1c, 0xff, 0xff, 0xff, 
	0xff, 0xff, 0xfa, 0x6e, 0x00, 0x00, 0x00, 0x01, 0x83, 0xbf, 0xff, 0x99, 0xce, 0xff, 0xff, 0xff, 
	0xff, 0xff, 0xff, 0xbe, 0x00, 0x00, 0x00, 0x00, 0x87, 0xef, 0xff, 0xf9, 0xff, 0xff, 0xff, 0xff, 
	0xff, 0xff, 0xfb, 0xcc, 0xc0, 0x00, 0x00, 0x03, 0x0f, 0xff, 0xff, 0xff, 0xff, 0xff, 0xff, 0xff, 
	0xff, 0xff, 0xff, 0xe7, 0xe0, 0x00, 0x00, 0x19, 0x1d, 0xff, 0xff, 0xff, 0xff, 0xff, 0xff, 0xff, 
	0xff, 0xff, 0xff, 0xd1, 0xce, 0x00, 0x00, 0x7f, 0x76, 0x7f, 0xff, 0xff, 0xff, 0xff, 0xff, 0xff, 
	0xff, 0xff, 0xff, 0x7c, 0x7f, 0x60, 0x3b, 0x3c, 0xff, 0xff, 0xff, 0xff, 0xff, 0xff, 0xff, 0xff, 
	0xff, 0xff, 0xff, 0xfb, 0x1e, 0xf7, 0x73, 0xe1, 0xab, 0xff, 0xff, 0xff, 0xff, 0xff, 0xff, 0xff, 
	0xff, 0xff, 0xff, 0xf7, 0xc3, 0xef, 0x7f, 0x8f, 0x7f, 0xff, 0xff, 0xff, 0xff, 0xff, 0xff, 0xff, 
	0xff, 0xff, 0xff, 0xff, 0xbc, 0x1f, 0xe0, 0x3b, 0xbf, 0xff, 0xff, 0xff, 0xff, 0xff, 0xff, 0xff, 
	0xff, 0xff, 0xff, 0xff, 0x7f, 0xc8, 0x0f, 0xfb, 0xbf, 0xff, 0xff, 0xff, 0xff, 0xff, 0xff, 0xff, 
	0xff, 0xff, 0xff, 0xff, 0xf7, 0x9f, 0xfb, 0xbb, 0xff, 0xff, 0xff, 0xff, 0xff, 0xff, 0xff, 0xff, 
	0xff, 0xff, 0xff, 0xff, 0xef, 0x79, 0xbb, 0xff, 0xff, 0xff, 0xff, 0xff, 0xff, 0xff, 0xff, 0xff, 
	0xff, 0xff, 0xff, 0xff, 0xfe, 0xf7, 0xbb, 0xbf, 0xff, 0xff, 0xff, 0xff, 0xff, 0xff, 0xff, 0xff, 
	0xff, 0xff, 0xff, 0xff, 0xff, 0xe7, 0x7f, 0xff, 0xff, 0xff, 0xff, 0xff, 0xff, 0xff, 0xff, 0xff
};
const unsigned char image9 [] PROGMEM = {
  0xff, 0xff, 0xff, 0xff, 0xff, 0xff, 0xff, 0xff, 0xff, 0xff, 0xff, 0xff, 0xff, 0xff, 0xff, 0xff, 
	0xff, 0xff, 0xff, 0xff, 0xff, 0xff, 0xff, 0xff, 0xff, 0xff, 0xff, 0xff, 0xff, 0xff, 0xff, 0xff, 
	0xff, 0xff, 0xff, 0xff, 0xff, 0xff, 0xff, 0xff, 0xff, 0xff, 0xff, 0xff, 0xff, 0xff, 0xff, 0xff, 
	0xff, 0xff, 0xff, 0xff, 0xf8, 0x0f, 0xff, 0xff, 0xff, 0xff, 0xff, 0xff, 0xff, 0xff, 0xff, 0xff, 
	0xff, 0xff, 0xff, 0xff, 0x80, 0x01, 0xff, 0xff, 0xff, 0xff, 0xff, 0xff, 0xff, 0xff, 0xff, 0xff, 
	0xff, 0xff, 0xff, 0xfc, 0x00, 0x00, 0x3f, 0xff, 0xf0, 0x01, 0xff, 0xff, 0xff, 0xff, 0xff, 0xff, 
	0xff, 0xff, 0xff, 0xf8, 0x00, 0x00, 0x1f, 0xff, 0xc0, 0x00, 0x3f, 0xff, 0xff, 0xff, 0xff, 0xff, 
	0xff, 0xff, 0xff, 0xf0, 0x00, 0x00, 0x07, 0xfe, 0x00, 0x00, 0x0f, 0xff, 0xff, 0xff, 0xff, 0xff, 
	0xff, 0xff, 0xff, 0xe0, 0x00, 0x00, 0x01, 0xf8, 0x00, 0x00, 0x07, 0xff, 0xff, 0xff, 0xff, 0xff, 
	0xff, 0xff, 0xff, 0xc0, 0x00, 0x00, 0x01, 0xe0, 0x00, 0x00, 0x03, 0xff, 0xff, 0xff, 0xff, 0xff, 
	0xff, 0xff, 0xff, 0xc0, 0x00, 0x00, 0x00, 0xc0, 0x00, 0x00, 0x01, 0xff, 0xff, 0xff, 0xff, 0xff, 
	0xff, 0xff, 0xff, 0x80, 0x00, 0x00, 0x00, 0x80, 0x3f, 0xc0, 0x00, 0xff, 0xff, 0xff, 0xff, 0xff, 
	0xff, 0xff, 0xff, 0x80, 0x00, 0x7f, 0xf0, 0x03, 0xff, 0xfc, 0x00, 0x3f, 0xff, 0xff, 0xff, 0xff, 
	0xff, 0xff, 0xff, 0x00, 0x0f, 0xff, 0xf8, 0x07, 0xff, 0xff, 0x80, 0x3f, 0xff, 0xff, 0xff, 0xff, 
	0xff, 0xff, 0xff, 0x00, 0xff, 0xff, 0xfc, 0x0f, 0xff, 0xff, 0xe0, 0x1f, 0xff, 0xff, 0xff, 0xff, 
	0xff, 0xff, 0xff, 0x00, 0xff, 0xff, 0xfe, 0x1f, 0xff, 0xff, 0xf0, 0x0f, 0xff, 0xff, 0xff, 0xff, 
	0xff, 0xff, 0xff, 0x00, 0xff, 0xff, 0xfe, 0x1f, 0xff, 0xff, 0xfc, 0x07, 0xff, 0xff, 0xff, 0xff, 
	0xff, 0xff, 0xff, 0x01, 0xff, 0xff, 0xff, 0x1f, 0xff, 0xc1, 0xfc, 0x03, 0xff, 0xff, 0xff, 0xff, 
	0xff, 0xff, 0xff, 0x01, 0xff, 0xff, 0xff, 0x0f, 0xfe, 0x07, 0xfe, 0x01, 0xff, 0xff, 0xff, 0xff, 
	0xff, 0xff, 0xff, 0x01, 0xff, 0xff, 0xff, 0x0f, 0xfc, 0x03, 0xff, 0x81, 0xff, 0xff, 0xff, 0xff, 
	0xff, 0xff, 0xff, 0x01, 0xff, 0xff, 0xff, 0x07, 0xff, 0x80, 0xff, 0xc0, 0xff, 0xff, 0xff, 0xff, 
	0xff, 0xff, 0xff, 0x83, 0xff, 0xff, 0xc0, 0x00, 0x7f, 0x81, 0xff, 0xd0, 0x7f, 0xff, 0xff, 0xff, 
	0xff, 0xff, 0xff, 0x83, 0xf0, 0x1f, 0x07, 0x00, 0x3f, 0x03, 0xff, 0xf8, 0x7f, 0xff, 0xff, 0xff, 
	0xff, 0xff, 0xff, 0x83, 0xc0, 0x1f, 0x80, 0x00, 0x0f, 0xff, 0xff, 0xf8, 0x3f, 0xff, 0xff, 0xff, 
	0xff, 0xff, 0xff, 0x87, 0x9c, 0x0f, 0x87, 0xc0, 0x0f, 0xff, 0xff, 0xe0, 0x3f, 0xff, 0xff, 0xff, 
	0xff, 0xff, 0xff, 0x87, 0xe0, 0x0f, 0xff, 0xc0, 0x0f, 0xff, 0xff, 0xc0, 0x1f, 0xff, 0xff, 0xff, 
	0xff, 0xff, 0xff, 0xa7, 0xe5, 0xff, 0xff, 0xe0, 0x0f, 0xff, 0xff, 0xc0, 0x0f, 0xff, 0xff, 0xff, 
	0xff, 0xff, 0xff, 0xa7, 0xff, 0xff, 0xff, 0xe0, 0x3f, 0xff, 0xff, 0xc0, 0x0f, 0xff, 0xff, 0xff, 
	0xff, 0xff, 0xff, 0xc7, 0xff, 0xff, 0xff, 0xf0, 0xff, 0xff, 0xff, 0xc0, 0x07, 0xff, 0xff, 0xff, 
	0xff, 0xff, 0xff, 0xc3, 0xff, 0xff, 0xff, 0xf1, 0xff, 0xff, 0xff, 0xc0, 0x03, 0xff, 0xff, 0xff, 
	0xff, 0xff, 0xff, 0xe3, 0xff, 0xff, 0xfd, 0xf0, 0xff, 0xff, 0x3f, 0xe0, 0x03, 0xff, 0xff, 0xff, 
	0xff, 0xff, 0xff, 0xf1, 0xff, 0xc0, 0x80, 0x60, 0xff, 0xff, 0x7f, 0xe0, 0x01, 0xff, 0xff, 0xff, 
	0xff, 0xff, 0xff, 0xf1, 0xff, 0x80, 0x00, 0x00, 0x7c, 0x3f, 0xff, 0xf0, 0x01, 0xff, 0xff, 0xff, 
	0xff, 0xff, 0xff, 0xf0, 0xfc, 0x00, 0x10, 0x00, 0x38, 0xff, 0xff, 0xf0, 0x00, 0xff, 0xff, 0xff, 
	0xff, 0xff, 0xff, 0xf8, 0x1c, 0x00, 0xf2, 0x00, 0x1c, 0x23, 0xff, 0xf8, 0x00, 0x7f, 0xff, 0xff, 
	0xff, 0xff, 0xff, 0xf8, 0x08, 0x0f, 0xf6, 0x00, 0x06, 0x07, 0xff, 0xfc, 0x00, 0x7f, 0xff, 0xff, 
	0xff, 0xff, 0xff, 0xfc, 0x00, 0x01, 0xfe, 0x00, 0x03, 0x9f, 0xff, 0xff, 0x00, 0x3f, 0xff, 0xff, 
	0xff, 0xff, 0xff, 0xfc, 0x00, 0x7f, 0xfe, 0x10, 0x00, 0xff, 0xff, 0xff, 0x80, 0x1f, 0xff, 0xff, 
	0xff, 0xff, 0xff, 0xfe, 0x00, 0x3e, 0x0e, 0x30, 0x00, 0x7f, 0xff, 0xff, 0xf8, 0x1f, 0xff, 0xff, 
	0xff, 0xff, 0xff, 0xe7, 0x00, 0x18, 0x0c, 0x30, 0x00, 0x3f, 0xff, 0xff, 0xff, 0xff, 0xff, 0xff, 
	0xff, 0xff, 0xff, 0x47, 0x80, 0x0c, 0x08, 0x70, 0x00, 0x07, 0xff, 0xff, 0xff, 0xef, 0xff, 0xff, 
	0xff, 0xff, 0xfd, 0x9f, 0xc0, 0x00, 0x00, 0x30, 0x00, 0x07, 0xff, 0xff, 0xff, 0xef, 0xff, 0xff, 
	0xff, 0xff, 0xfb, 0xff, 0xf0, 0x00, 0x00, 0x30, 0x00, 0x03, 0xff, 0xff, 0xff, 0xff, 0xff, 0xff, 
	0xff, 0xff, 0xff, 0xff, 0xf8, 0x00, 0x00, 0x00, 0x00, 0x03, 0xff, 0xff, 0xff, 0xff, 0xff, 0xff, 
	0xff, 0xff, 0xff, 0xff, 0xfe, 0x00, 0x00, 0x80, 0x00, 0x03, 0xff, 0xff, 0xff, 0xff, 0xff, 0xff, 
	0xff, 0xff, 0xfb, 0xff, 0xff, 0x00, 0x03, 0x80, 0x00, 0x03, 0xff, 0xff, 0xff, 0xff, 0xff, 0xff, 
	0xff, 0xff, 0xff, 0xff, 0xff, 0xc0, 0x03, 0xc0, 0x01, 0x03, 0xff, 0xff, 0xff, 0xff, 0xff, 0xff, 
	0xff, 0xff, 0xff, 0xff, 0xff, 0xf0, 0x07, 0xe0, 0x03, 0x03, 0xff, 0xff, 0xff, 0xff, 0xff, 0xff, 
	0xff, 0xff, 0xff, 0xff, 0xff, 0xff, 0xf7, 0xf0, 0x1f, 0x80, 0xff, 0xff, 0xff, 0xff, 0xff, 0xff, 
	0xff, 0xff, 0xff, 0xff, 0xff, 0xff, 0xe7, 0xf8, 0x3f, 0xc3, 0xff, 0xff, 0xff, 0xff, 0xff, 0xff, 
	0xff, 0xff, 0xff, 0xff, 0xff, 0xff, 0xef, 0xff, 0xbf, 0xff, 0xff, 0xff, 0xff, 0xff, 0xff, 0xff, 
	0xff, 0xff, 0xff, 0xff, 0xff, 0xff, 0xef, 0xff, 0xff, 0xff, 0xff, 0xff, 0xff, 0xff, 0xff, 0xff, 
	0xff, 0xff, 0xff, 0xff, 0xff, 0xff, 0xdf, 0xff, 0xff, 0xff, 0xff, 0xff, 0xff, 0xff, 0xff, 0xff, 
	0xff, 0xff, 0xff, 0xff, 0xff, 0xff, 0xdf, 0xff, 0xff, 0xff, 0xff, 0xff, 0xff, 0xff, 0xff, 0xff, 
	0xff, 0xff, 0xff, 0xff, 0xff, 0xff, 0xbf, 0xff, 0xff, 0xff, 0xff, 0xff, 0xff, 0xff, 0xff, 0xff, 
	0xff, 0xff, 0xff, 0xff, 0xff, 0xff, 0xff, 0xff, 0xff, 0xff, 0xff, 0xff, 0xff, 0xff, 0xff, 0xff, 
	0xff, 0xff, 0xff, 0xff, 0xff, 0xff, 0xff, 0xff, 0xff, 0xff, 0xff, 0xff, 0xff, 0xff, 0xff, 0xff, 
	0xff, 0xff, 0xff, 0xff, 0xff, 0xff, 0xff, 0xff, 0xff, 0xff, 0xff, 0xff, 0xff, 0xff, 0xff, 0xff, 
	0xff, 0xff, 0xff, 0xff, 0xff, 0xff, 0xff, 0xff, 0xff, 0xff, 0xff, 0xff, 0xff, 0xff, 0xff, 0xff, 
	0xff, 0xff, 0xff, 0xff, 0xff, 0xff, 0xff, 0xff, 0xff, 0xff, 0xff, 0xff, 0xff, 0xff, 0xff, 0xff, 
	0xff, 0xff, 0xff, 0xff, 0xff, 0xff, 0xff, 0xff, 0xff, 0xff, 0xff, 0xff, 0xff, 0xff, 0xff, 0xff, 
	0xff, 0xff, 0xff, 0xff, 0xff, 0xff, 0xff, 0xff, 0xff, 0xff, 0xff, 0xff, 0xff, 0xff, 0xff, 0xff, 
	0xff, 0xff, 0xff, 0xff, 0xff, 0xff, 0xff, 0xff, 0xff, 0xff, 0xff, 0xff, 0xff, 0xff, 0xff, 0xff, 
	0xff, 0xff, 0xff, 0xff, 0xff, 0xff, 0xff, 0xff, 0xff, 0xff, 0xff, 0xff, 0xff, 0xff, 0xff, 0xdf
};
const unsigned char image11 [] PROGMEM = {
  0x00, 0x00, 0x00, 0x00, 0x00, 0x00, 0x00, 0x00, 0x00, 0x00, 0x00, 0x00, 0x00, 0x00, 0x00, 0x00, 
	0x00, 0x00, 0x00, 0x00, 0x00, 0x00, 0x00, 0x00, 0x00, 0x00, 0x00, 0x00, 0x00, 0x00, 0x00, 0x00, 
	0x00, 0x00, 0x00, 0x00, 0x00, 0x00, 0x00, 0x00, 0x00, 0x00, 0x00, 0x00, 0x00, 0x00, 0x00, 0x00, 
	0x00, 0x00, 0x00, 0x00, 0x00, 0x00, 0x00, 0x00, 0x00, 0x00, 0x00, 0x00, 0x00, 0x00, 0x00, 0x00, 
	0x00, 0x00, 0x00, 0x00, 0x00, 0x00, 0x00, 0x00, 0x00, 0x00, 0x00, 0x00, 0x00, 0x00, 0x00, 0x00, 
	0x00, 0x00, 0x00, 0x00, 0x00, 0x00, 0x00, 0x00, 0x00, 0x00, 0x00, 0x00, 0x00, 0x00, 0x00, 0x00, 
	0x00, 0x00, 0x00, 0x00, 0x00, 0x00, 0x00, 0x00, 0x07, 0x80, 0x00, 0x00, 0x00, 0x00, 0x00, 0x00, 
	0x00, 0x00, 0x00, 0x00, 0x00, 0x00, 0x00, 0x00, 0x1f, 0xe0, 0x00, 0x00, 0x00, 0x00, 0x00, 0x00, 
	0x00, 0x00, 0x00, 0x00, 0x00, 0x00, 0x00, 0x00, 0x3f, 0xe0, 0x00, 0x00, 0x00, 0x00, 0x00, 0x00, 
	0x00, 0x00, 0x00, 0x00, 0x00, 0x00, 0x00, 0x00, 0x7f, 0xf0, 0x00, 0x00, 0x00, 0x00, 0x00, 0x00, 
	0x00, 0x00, 0x00, 0x08, 0xff, 0x00, 0x00, 0x00, 0xff, 0xf8, 0x00, 0x10, 0x00, 0x00, 0x00, 0x00, 
	0x00, 0x00, 0x00, 0x0f, 0xff, 0xf0, 0x00, 0x01, 0xff, 0xf8, 0x00, 0x70, 0x00, 0x00, 0x00, 0x00, 
	0x00, 0x00, 0x00, 0x1f, 0xff, 0xff, 0x00, 0x03, 0xff, 0xf8, 0x00, 0xf0, 0x00, 0x00, 0x00, 0x00, 
	0x00, 0x00, 0x00, 0x1f, 0xff, 0xff, 0xc0, 0x03, 0xff, 0xfc, 0x00, 0xf0, 0x00, 0x00, 0x00, 0x00, 
	0x00, 0x00, 0x00, 0x0f, 0xff, 0xff, 0xf0, 0x07, 0xff, 0xfc, 0x01, 0xf0, 0x00, 0x00, 0x00, 0x00, 
	0x00, 0x00, 0x00, 0x07, 0xff, 0xff, 0xf8, 0x07, 0xff, 0xfc, 0x01, 0xf0, 0x00, 0x00, 0x00, 0x00, 
	0x00, 0x00, 0x00, 0x07, 0xff, 0xff, 0xfc, 0x0f, 0xff, 0xfc, 0x03, 0xe0, 0x00, 0x00, 0x00, 0x00, 
	0x00, 0x00, 0x00, 0x03, 0xff, 0xff, 0xff, 0x0f, 0xff, 0xfc, 0x3f, 0xf0, 0x00, 0x00, 0x00, 0x00, 
	0x00, 0x00, 0x00, 0x01, 0xff, 0xff, 0xff, 0x1f, 0xff, 0xfc, 0xff, 0xe0, 0x00, 0x00, 0x00, 0x00, 
	0x00, 0x00, 0x00, 0x0f, 0xff, 0xff, 0xff, 0x9f, 0xff, 0xff, 0xff, 0xe0, 0x00, 0x00, 0x00, 0x00, 
	0x00, 0x00, 0x00, 0x1f, 0xff, 0xff, 0xff, 0xff, 0xff, 0xff, 0xff, 0xe0, 0x00, 0x00, 0x00, 0x00, 
	0x00, 0x00, 0x00, 0x1f, 0xff, 0xff, 0xff, 0xff, 0xff, 0xff, 0xff, 0xe0, 0x00, 0x00, 0x00, 0x00, 
	0x00, 0x00, 0x00, 0x1f, 0xff, 0xff, 0xff, 0xff, 0xff, 0xff, 0xff, 0xe0, 0x7e, 0x00, 0x00, 0x00, 
	0x00, 0x00, 0x00, 0x0f, 0xff, 0xff, 0xff, 0xfc, 0x7f, 0xff, 0xff, 0xe7, 0xff, 0x00, 0x00, 0x00, 
	0x00, 0x00, 0x00, 0x07, 0xff, 0xff, 0xff, 0xf5, 0x3f, 0xff, 0xff, 0xff, 0xff, 0xf8, 0x00, 0x00, 
	0x00, 0x00, 0x00, 0x03, 0xff, 0xff, 0xff, 0xc0, 0x03, 0xff, 0xff, 0xff, 0xff, 0xff, 0x80, 0x00, 
	0x00, 0x00, 0x00, 0x00, 0x7f, 0xff, 0xff, 0xc0, 0x03, 0xff, 0xff, 0xff, 0xff, 0xfe, 0x00, 0x00, 
	0x00, 0x00, 0x00, 0x00, 0x7f, 0xff, 0xff, 0xe0, 0x07, 0xff, 0xff, 0xff, 0xff, 0xfc, 0x00, 0x00, 
	0x00, 0x00, 0x00, 0x00, 0x1f, 0xff, 0xff, 0xe0, 0x07, 0xff, 0xff, 0xff, 0xff, 0xf8, 0x00, 0x00, 
	0x00, 0x00, 0x00, 0x00, 0x0f, 0xff, 0xff, 0xf0, 0x07, 0xff, 0xff, 0xff, 0xff, 0xe0, 0x00, 0x00, 
	0x00, 0x00, 0x00, 0x00, 0x03, 0xff, 0xff, 0xf8, 0x07, 0xff, 0xff, 0xff, 0xff, 0x80, 0x00, 0x00, 
	0x00, 0x00, 0x00, 0x00, 0x01, 0xff, 0xff, 0xf8, 0x27, 0xff, 0xff, 0xff, 0xe1, 0x00, 0x00, 0x00, 
	0x00, 0x00, 0x00, 0x00, 0x00, 0xff, 0xff, 0xf0, 0x0f, 0xff, 0xff, 0xfc, 0x00, 0x00, 0x00, 0x00, 
	0x00, 0x00, 0x00, 0x00, 0x00, 0x3f, 0xff, 0xf0, 0x0f, 0xff, 0xff, 0xf8, 0x00, 0x00, 0x00, 0x00, 
	0x00, 0x00, 0x00, 0x00, 0x00, 0x0f, 0xff, 0xf0, 0x0f, 0xff, 0xff, 0xf0, 0x00, 0x00, 0x00, 0x00, 
	0x00, 0x00, 0x00, 0x00, 0x00, 0x07, 0xff, 0xf0, 0x1f, 0xff, 0xff, 0xc0, 0x00, 0x00, 0x00, 0x00, 
	0x00, 0x00, 0x00, 0x00, 0x00, 0x01, 0xff, 0xf8, 0x3f, 0xff, 0xff, 0x00, 0x00, 0x00, 0x00, 0x00, 
	0x00, 0x00, 0x00, 0x00, 0x7f, 0xff, 0xff, 0xff, 0xff, 0xff, 0xf0, 0x00, 0x00, 0x00, 0x00, 0x00, 
	0x00, 0x00, 0x00, 0x00, 0x7f, 0xff, 0xff, 0xff, 0xff, 0x00, 0x00, 0x00, 0x00, 0x00, 0x00, 0x00, 
	0x00, 0x00, 0x01, 0xff, 0xff, 0xff, 0xff, 0xff, 0xff, 0x80, 0x00, 0x00, 0x00, 0x00, 0x00, 0x00, 
	0x00, 0x00, 0x0f, 0xff, 0xff, 0xff, 0xff, 0xff, 0xff, 0xc0, 0x00, 0x00, 0x00, 0x00, 0x00, 0x00, 
	0x00, 0x00, 0x20, 0x7f, 0xff, 0xff, 0xff, 0xff, 0xff, 0xe0, 0x00, 0x00, 0x00, 0x00, 0x00, 0x00, 
	0x00, 0x00, 0x03, 0xff, 0xff, 0xcf, 0xff, 0xff, 0xff, 0xeb, 0x3f, 0xe0, 0x00, 0x00, 0x00, 0x00, 
	0x00, 0x00, 0x00, 0x00, 0x00, 0x0f, 0xff, 0xff, 0xff, 0xff, 0xff, 0xfc, 0x00, 0x00, 0x00, 0x00, 
	0x00, 0x00, 0x00, 0x00, 0x00, 0x3b, 0xff, 0xff, 0xff, 0xff, 0xff, 0xff, 0x80, 0x00, 0x00, 0x00, 
	0x00, 0x00, 0x00, 0x00, 0x00, 0x3f, 0xff, 0xff, 0xff, 0xdf, 0xff, 0xff, 0xe0, 0x00, 0x00, 0x00, 
	0x00, 0x00, 0x00, 0x00, 0x00, 0x78, 0x3f, 0xc3, 0x00, 0x07, 0xff, 0xff, 0xf0, 0x00, 0x00, 0x00, 
	0x00, 0x00, 0x00, 0x00, 0x00, 0x20, 0x00, 0x00, 0x00, 0x01, 0xff, 0xff, 0xf8, 0x00, 0x00, 0x00, 
	0x00, 0x00, 0x00, 0x00, 0x00, 0x00, 0x00, 0x00, 0x00, 0x00, 0x0f, 0xff, 0xfc, 0x00, 0x00, 0x00, 
	0x00, 0x00, 0x00, 0x00, 0x00, 0x00, 0x00, 0x00, 0x00, 0x00, 0x00, 0x7f, 0xfc, 0x00, 0x00, 0x00, 
	0x00, 0x00, 0x00, 0x00, 0x00, 0x00, 0x00, 0x00, 0x00, 0x00, 0x00, 0x0f, 0xfc, 0x00, 0x00, 0x00, 
	0x00, 0x00, 0x00, 0x00, 0x00, 0x00, 0x00, 0x00, 0x00, 0x00, 0x00, 0x03, 0xfc, 0x00, 0x00, 0x00, 
	0x00, 0x00, 0x00, 0x00, 0x00, 0x00, 0x00, 0x00, 0x00, 0x00, 0x00, 0x00, 0x00, 0x00, 0x00, 0x00, 
	0x00, 0x00, 0x00, 0x00, 0x00, 0x00, 0x00, 0x00, 0x00, 0x00, 0x00, 0x00, 0x00, 0x00, 0x00, 0x00, 
	0x00, 0x00, 0x00, 0x00, 0x00, 0x00, 0x00, 0x00, 0x00, 0x00, 0x00, 0x00, 0x00, 0x00, 0x00, 0x00, 
	0x00, 0x00, 0x00, 0x00, 0x00, 0x00, 0x00, 0x00, 0x00, 0x00, 0x00, 0x00, 0x00, 0x00, 0x00, 0x00, 
	0x00, 0x00, 0x00, 0x00, 0x00, 0x00, 0x00, 0x00, 0x00, 0x00, 0x00, 0x00, 0x00, 0x00, 0x00, 0x00, 
	0x00, 0x00, 0x00, 0x00, 0x00, 0x00, 0x00, 0x00, 0x00, 0x00, 0x00, 0x00, 0x00, 0x00, 0x00, 0x00, 
	0x00, 0x00, 0x00, 0x00, 0x00, 0x00, 0x00, 0x00, 0x00, 0x00, 0x00, 0x00, 0x00, 0x00, 0x00, 0x00, 
	0x00, 0x00, 0x00, 0x00, 0x00, 0x00, 0x00, 0x00, 0x00, 0x00, 0x00, 0x00, 0x00, 0x00, 0x00, 0x00, 
	0x00, 0x00, 0x00, 0x00, 0x00, 0x00, 0x00, 0x00, 0x00, 0x00, 0x00, 0x00, 0x00, 0x00, 0x00, 0x00, 
	0x00, 0x00, 0x00, 0x00, 0x00, 0x00, 0x00, 0x00, 0x00, 0x00, 0x00, 0x00, 0x00, 0x00, 0x00, 0x00, 
	0x00, 0x00, 0x00, 0x00, 0x00, 0x00, 0x00, 0x00, 0x00, 0x00, 0x00, 0x00, 0x00, 0x00, 0x00, 0x00, 
	0x00, 0x00, 0x00, 0x00, 0x00, 0x00, 0x00, 0x00, 0x00, 0x00, 0x00, 0x00, 0x00, 0x00, 0x00, 0x00
};
const unsigned char image12 [] PROGMEM = {
  0xff, 0xff, 0xff, 0xff, 0xff, 0xff, 0xff, 0xff, 0xff, 0xff, 0xff, 0xff, 0xff, 0xff, 0xff, 0xff, 
	0xff, 0xff, 0xff, 0xff, 0xff, 0xff, 0xff, 0xff, 0xff, 0xff, 0xff, 0xff, 0xff, 0xff, 0xff, 0xff, 
	0xff, 0xff, 0xff, 0xff, 0xff, 0xff, 0xff, 0xff, 0xff, 0xff, 0xff, 0xff, 0xff, 0xff, 0xff, 0xff, 
	0xff, 0xff, 0xff, 0xff, 0xff, 0xff, 0xff, 0xff, 0xff, 0xff, 0xff, 0xff, 0xff, 0xff, 0xff, 0xff, 
	0xff, 0xff, 0xff, 0xff, 0xff, 0xff, 0xff, 0xff, 0xff, 0xff, 0xff, 0xff, 0xff, 0xff, 0xff, 0xff, 
	0xff, 0xff, 0xff, 0xff, 0xff, 0xff, 0xff, 0xff, 0xff, 0xff, 0xff, 0xff, 0xff, 0xff, 0xff, 0xff, 
	0xff, 0xff, 0xff, 0xff, 0xff, 0xff, 0xff, 0xff, 0xff, 0xff, 0xff, 0xff, 0xff, 0xff, 0xff, 0xff, 
	0xff, 0xff, 0xff, 0xff, 0xff, 0xff, 0xff, 0xff, 0xff, 0xff, 0xff, 0xff, 0xff, 0xff, 0xff, 0xff, 
	0xff, 0xff, 0xff, 0xff, 0xff, 0xff, 0xff, 0xff, 0xff, 0xff, 0xff, 0xff, 0xff, 0xff, 0xff, 0xff, 
	0xff, 0xff, 0xff, 0xff, 0xff, 0xff, 0xff, 0xff, 0xff, 0xff, 0xff, 0xff, 0xff, 0xff, 0xff, 0xff, 
	0xff, 0xff, 0xff, 0xff, 0xff, 0xff, 0xff, 0xff, 0xff, 0xff, 0xff, 0xff, 0xff, 0xff, 0xff, 0xff, 
	0xff, 0xff, 0xff, 0xff, 0xff, 0xff, 0xff, 0xff, 0xff, 0xff, 0xff, 0xff, 0xff, 0xff, 0xff, 0xff, 
	0xff, 0xff, 0xff, 0xff, 0xff, 0xff, 0xff, 0xff, 0xff, 0xff, 0xff, 0xff, 0xff, 0x7f, 0xff, 0xff, 
	0xff, 0xff, 0xff, 0xff, 0xff, 0xff, 0xff, 0xff, 0xff, 0xff, 0xff, 0xff, 0xff, 0xff, 0xff, 0xff, 
	0xff, 0xff, 0xff, 0xff, 0xff, 0xff, 0xff, 0xff, 0xff, 0xff, 0xff, 0xff, 0xe0, 0xff, 0xff, 0xff, 
	0xff, 0xff, 0xff, 0xff, 0xff, 0xff, 0xff, 0xff, 0xff, 0xff, 0xff, 0xff, 0xf1, 0xff, 0xff, 0xff, 
	0xff, 0xff, 0xff, 0xff, 0xff, 0xff, 0xff, 0xff, 0xff, 0xff, 0xff, 0xff, 0xff, 0xff, 0xcf, 0xff, 
	0xff, 0xff, 0xff, 0xff, 0xff, 0xff, 0xf9, 0xfc, 0x00, 0x00, 0x00, 0x00, 0x7f, 0xff, 0x8f, 0xff, 
	0xff, 0xff, 0xff, 0xff, 0xff, 0xff, 0xc7, 0x80, 0x00, 0x00, 0x00, 0x00, 0x00, 0x3f, 0x1f, 0xff, 
	0xff, 0xff, 0xff, 0xff, 0xff, 0xfe, 0x7c, 0x00, 0x1f, 0xc0, 0x00, 0x00, 0x00, 0x1f, 0x0f, 0xff, 
	0xff, 0xff, 0xff, 0xff, 0xff, 0xfd, 0xe0, 0x1f, 0xff, 0x80, 0x00, 0x00, 0x00, 0x1f, 0x87, 0xff, 
	0xff, 0xff, 0xff, 0xff, 0xff, 0xef, 0x00, 0xff, 0xff, 0x80, 0x00, 0x00, 0x00, 0x3f, 0x87, 0xff, 
	0xff, 0xff, 0xff, 0xff, 0xff, 0xbc, 0x07, 0xff, 0xff, 0x80, 0x00, 0x00, 0x00, 0x7f, 0xc3, 0xff, 
	0xff, 0xff, 0xff, 0xff, 0xfe, 0xf0, 0x1f, 0xff, 0xff, 0x80, 0x00, 0x00, 0x00, 0xff, 0xf0, 0xff, 
	0xff, 0xff, 0xff, 0xff, 0xf3, 0xfc, 0x05, 0xff, 0xff, 0x80, 0x00, 0x00, 0x03, 0xff, 0xfc, 0xff, 
	0xff, 0xff, 0xff, 0xff, 0xef, 0x7c, 0x04, 0xff, 0xfe, 0x00, 0x00, 0x00, 0x7f, 0xff, 0xc0, 0xff, 
	0xff, 0xff, 0xff, 0xff, 0xfc, 0x00, 0x04, 0x78, 0x00, 0x00, 0xff, 0xff, 0xff, 0xff, 0x80, 0x7f, 
	0xff, 0xff, 0xff, 0xff, 0xf0, 0x00, 0x00, 0x00, 0x1f, 0xff, 0xff, 0xff, 0xff, 0xff, 0x80, 0x3f, 
	0xff, 0xff, 0xff, 0xff, 0xe0, 0x00, 0x03, 0xff, 0xff, 0xff, 0xff, 0xff, 0xff, 0xf0, 0x00, 0x3f, 
	0xff, 0xff, 0xff, 0xff, 0xf8, 0xc1, 0xff, 0xff, 0xc7, 0xe3, 0xff, 0xff, 0x01, 0xff, 0xe0, 0x3f, 
	0xff, 0xfe, 0x03, 0xff, 0xff, 0xf0, 0xff, 0xff, 0xf8, 0x7f, 0xff, 0xf9, 0xff, 0xff, 0xf8, 0x3f, 
	0xff, 0xf0, 0x0f, 0xff, 0xff, 0xf0, 0xfe, 0x1f, 0xc3, 0xff, 0xff, 0xff, 0xff, 0xff, 0xfc, 0x1f, 
	0xff, 0x80, 0x3f, 0xff, 0xff, 0xf8, 0x07, 0xff, 0xff, 0xff, 0xff, 0xff, 0xff, 0xff, 0xff, 0x3f, 
	0xfe, 0x00, 0x7f, 0xff, 0xff, 0xf9, 0xff, 0xff, 0xff, 0xff, 0xff, 0xff, 0xff, 0xff, 0xff, 0xff, 
	0xfc, 0x03, 0xff, 0xff, 0xff, 0xff, 0xff, 0xff, 0xff, 0xff, 0xff, 0xff, 0xff, 0xff, 0xff, 0xff, 
	0xf8, 0x0f, 0xff, 0xff, 0xff, 0xff, 0xff, 0xff, 0xff, 0xff, 0xff, 0xff, 0xff, 0xff, 0xff, 0xff, 
	0xff, 0xff, 0xfc, 0x07, 0xff, 0xff, 0xff, 0xff, 0xff, 0xdf, 0xff, 0xff, 0xfe, 0x00, 0x3f, 0xef, 
	0xff, 0xff, 0xe0, 0x00, 0xff, 0xff, 0xff, 0xff, 0xf8, 0x00, 0x1f, 0xff, 0xf8, 0x00, 0x0f, 0xff, 
	0xf7, 0xff, 0x80, 0x00, 0x3f, 0xff, 0xff, 0x00, 0x00, 0x00, 0x0f, 0xff, 0xe0, 0x00, 0x03, 0xff, 
	0xf7, 0xff, 0x00, 0x00, 0x1f, 0xff, 0x80, 0x00, 0x00, 0x00, 0xff, 0xff, 0xe0, 0x00, 0x01, 0xff, 
	0xf0, 0x7e, 0x00, 0x00, 0x0f, 0xfc, 0x00, 0x00, 0xff, 0xff, 0xff, 0xff, 0xc0, 0x00, 0x00, 0xe7, 
	0xf8, 0x7c, 0x00, 0x00, 0x07, 0xf8, 0x7f, 0xff, 0xff, 0xff, 0xff, 0xff, 0x80, 0x00, 0x00, 0x67, 
	0xf8, 0x7c, 0x00, 0x00, 0x03, 0xff, 0xff, 0xff, 0xff, 0xff, 0xff, 0xff, 0x80, 0x00, 0x00, 0x4f, 
	0xf8, 0x7c, 0x00, 0x00, 0x03, 0xff, 0xff, 0xff, 0xff, 0xdc, 0x07, 0xff, 0x00, 0x00, 0x00, 0x1f, 
	0xf8, 0x78, 0x06, 0x00, 0x03, 0xff, 0x00, 0x00, 0x00, 0x00, 0x00, 0x3f, 0x00, 0x00, 0x00, 0x3f, 
	0xfc, 0xf8, 0x00, 0x00, 0x03, 0xfd, 0x98, 0x3f, 0xff, 0xff, 0xff, 0xff, 0x00, 0x00, 0x00, 0xff, 
	0xf0, 0x08, 0x00, 0x00, 0x03, 0xfe, 0x00, 0x00, 0x00, 0x00, 0x00, 0x0f, 0x80, 0x00, 0xc1, 0xff, 
	0xfc, 0x00, 0x00, 0x03, 0x03, 0xdb, 0x70, 0x03, 0x77, 0xff, 0xff, 0xf9, 0x80, 0x00, 0x41, 0xff, 
	0xfe, 0x03, 0x00, 0x00, 0x00, 0x00, 0x00, 0x00, 0x01, 0xff, 0xff, 0xfd, 0xc0, 0x00, 0x01, 0xff, 
	0xff, 0xe0, 0x00, 0x00, 0x00, 0x00, 0x00, 0x00, 0x00, 0x00, 0x00, 0x00, 0x00, 0x00, 0x83, 0xff, 
	0xff, 0x80, 0x00, 0x00, 0x00, 0x00, 0x00, 0x00, 0x00, 0x00, 0x00, 0x00, 0x00, 0x04, 0x00, 0x7f, 
	0xff, 0x80, 0x00, 0x00, 0x00, 0x00, 0x00, 0x00, 0x00, 0x00, 0x00, 0x00, 0x00, 0x00, 0x00, 0x7f, 
	0xff, 0xf0, 0x00, 0x00, 0x00, 0x00, 0x00, 0x00, 0x00, 0x00, 0x00, 0x00, 0x00, 0x00, 0x01, 0xff, 
	0xff, 0xff, 0xff, 0xff, 0xff, 0xff, 0xff, 0xff, 0xff, 0xff, 0xff, 0xff, 0xff, 0xc1, 0xff, 0xff, 
	0xff, 0xff, 0xff, 0xff, 0xff, 0xff, 0xff, 0xff, 0xff, 0xff, 0xff, 0xff, 0xff, 0xff, 0xff, 0xff, 
	0xff, 0xff, 0xff, 0xff, 0xff, 0xff, 0xff, 0xff, 0xff, 0xff, 0xff, 0xff, 0xff, 0xff, 0xff, 0xff, 
	0xff, 0xff, 0xff, 0xff, 0xff, 0xff, 0xff, 0xff, 0xff, 0xff, 0xff, 0xff, 0xff, 0xff, 0xff, 0xff, 
	0xff, 0xff, 0xff, 0xff, 0xff, 0xff, 0xff, 0xff, 0xff, 0xff, 0xff, 0xff, 0xff, 0xff, 0xff, 0xff, 
	0xff, 0xff, 0xff, 0xff, 0xff, 0xff, 0xff, 0xff, 0xff, 0xff, 0xff, 0xff, 0xff, 0xff, 0xff, 0xff, 
	0xff, 0xff, 0xff, 0xff, 0xff, 0xff, 0xff, 0xff, 0xff, 0xff, 0xff, 0xff, 0xff, 0xff, 0xff, 0xff, 
	0xff, 0xff, 0xff, 0xff, 0xff, 0xff, 0xff, 0xff, 0xff, 0xff, 0xff, 0xff, 0xff, 0xff, 0xff, 0xff, 
	0xff, 0xff, 0xff, 0xff, 0xff, 0xff, 0xff, 0xff, 0xff, 0xff, 0xff, 0xff, 0xff, 0xff, 0xff, 0xff, 
	0xff, 0xff, 0xff, 0xff, 0xff, 0xff, 0xff, 0xff, 0xff, 0xff, 0xff, 0xff, 0xff, 0xff, 0xff, 0xff, 
	0xff, 0xff, 0xff, 0xff, 0xff, 0xff, 0xff, 0xff, 0xff, 0xff, 0xff, 0xff, 0xff, 0xff, 0xff, 0xff
};
const unsigned char image13 [] PROGMEM = {
  0x00, 0x00, 0x07, 0xff, 0xff, 0xff, 0xff, 0xff, 0xff, 0xff, 0xff, 0xff, 0xc1, 0xfe, 0x00, 0x00, 
	0x00, 0x00, 0x07, 0xff, 0xff, 0xff, 0xff, 0xff, 0xff, 0xff, 0xff, 0xff, 0x80, 0xfe, 0x00, 0x00, 
	0x20, 0x00, 0x03, 0xff, 0xff, 0xff, 0xff, 0xff, 0xff, 0xff, 0xff, 0xff, 0x80, 0xff, 0x00, 0x00, 
	0x80, 0x48, 0x03, 0xff, 0xff, 0xff, 0xff, 0xff, 0xff, 0xff, 0xff, 0xff, 0x80, 0xe0, 0xc0, 0x00, 
	0x08, 0x85, 0x81, 0xff, 0xff, 0xff, 0xff, 0xff, 0xff, 0xff, 0xff, 0xe0, 0x00, 0x00, 0x40, 0x00, 
	0x00, 0x00, 0x02, 0xff, 0xff, 0xff, 0xff, 0xff, 0xff, 0xff, 0xff, 0xc0, 0x00, 0x00, 0x40, 0x20, 
	0x00, 0x03, 0x20, 0x01, 0xff, 0xff, 0xff, 0xff, 0xff, 0xff, 0xff, 0xc0, 0x00, 0x00, 0xc0, 0x00, 
	0x00, 0x02, 0x40, 0x00, 0xff, 0xff, 0xff, 0xff, 0xff, 0xff, 0xff, 0xe0, 0x00, 0x03, 0xc0, 0x00, 
	0x00, 0x00, 0x03, 0x00, 0x7f, 0xff, 0xf7, 0xff, 0xff, 0xff, 0xff, 0xf8, 0x00, 0x07, 0xc1, 0xf0, 
	0xa0, 0xa1, 0xac, 0x00, 0x7f, 0xff, 0xe7, 0xff, 0xff, 0xff, 0xff, 0xfc, 0x00, 0x07, 0xe7, 0xfc, 
	0x11, 0x0a, 0x1b, 0x00, 0x7f, 0xf9, 0xe3, 0xcf, 0x1e, 0x1f, 0xff, 0xfc, 0x00, 0x07, 0xff, 0xff, 
	0x04, 0x06, 0x24, 0x00, 0x7f, 0xf8, 0xe3, 0x06, 0x04, 0x0c, 0xe7, 0xfc, 0x00, 0x03, 0xdf, 0xff, 
	0x00, 0x00, 0x02, 0x00, 0x7f, 0xf8, 0xc3, 0x06, 0x44, 0x44, 0xc7, 0xfc, 0x00, 0x03, 0xc7, 0xff, 
	0x50, 0x20, 0x48, 0x00, 0xff, 0xf8, 0x02, 0x22, 0x44, 0x40, 0xc7, 0xfc, 0x00, 0x06, 0x38, 0xff, 
	0x89, 0x01, 0x0a, 0x01, 0xff, 0xf8, 0xe2, 0x02, 0x04, 0x08, 0x07, 0xfc, 0x31, 0x8f, 0xef, 0xff, 
	0x02, 0x06, 0x13, 0x03, 0xff, 0xf8, 0xe4, 0x02, 0x1c, 0x1c, 0x07, 0xff, 0xff, 0xff, 0xf3, 0xff, 
	0x00, 0x00, 0x13, 0x87, 0xff, 0xf8, 0xe4, 0xf2, 0x7c, 0x7c, 0x07, 0xff, 0xff, 0xff, 0x87, 0xff, 
	0x80, 0x00, 0x3f, 0x8f, 0xff, 0xff, 0xe7, 0xfe, 0x7c, 0xff, 0xcf, 0xff, 0xff, 0xff, 0xff, 0xff, 
	0xc6, 0x0c, 0x7f, 0x9f, 0xff, 0xff, 0xe7, 0xff, 0xff, 0xff, 0x8f, 0xff, 0xff, 0xff, 0xff, 0xff, 
	0xf0, 0x92, 0xff, 0x9f, 0xff, 0xff, 0xff, 0xff, 0xff, 0xff, 0x1f, 0xff, 0xff, 0xff, 0xff, 0xff, 
	0xf0, 0x41, 0xff, 0xff, 0xfc, 0x3f, 0xff, 0xf3, 0xff, 0xff, 0xff, 0xff, 0xff, 0xff, 0xff, 0xff, 
	0xfc, 0x1b, 0xff, 0xff, 0xe7, 0x8f, 0xff, 0xc0, 0xff, 0xff, 0xff, 0xff, 0xff, 0xff, 0xff, 0xff, 
	0xfc, 0x47, 0xff, 0xff, 0xe7, 0xcf, 0xf3, 0xf3, 0xff, 0xcf, 0xff, 0xff, 0xff, 0xff, 0xff, 0xff, 
	0xfe, 0x0f, 0xff, 0xff, 0xc7, 0x8e, 0x40, 0xf3, 0xf9, 0x03, 0xc3, 0xf9, 0xff, 0xff, 0xff, 0xff, 
	0xff, 0x1f, 0xff, 0xff, 0xc6, 0x0e, 0x04, 0x73, 0x99, 0x11, 0x83, 0x19, 0xff, 0xff, 0xff, 0xff, 
	0xff, 0x0f, 0xfe, 0xff, 0xc0, 0x06, 0x04, 0x63, 0x89, 0x11, 0x91, 0x11, 0xff, 0xff, 0xff, 0xff, 
	0xfd, 0x1f, 0xff, 0xff, 0xc0, 0x02, 0x00, 0xe3, 0x80, 0x11, 0x01, 0x11, 0xff, 0xff, 0xff, 0xff, 
	0xfe, 0x07, 0xff, 0xff, 0xc7, 0xe2, 0x41, 0xe3, 0x88, 0x83, 0x01, 0x01, 0xff, 0xff, 0xff, 0xff, 
	0xff, 0x5f, 0xff, 0xff, 0xc7, 0xc2, 0x40, 0xe3, 0x98, 0x86, 0x39, 0x01, 0xff, 0xff, 0xff, 0xff, 
	0xff, 0xdf, 0xff, 0xff, 0xc0, 0x07, 0xec, 0x63, 0xf9, 0xff, 0x7f, 0xf1, 0xff, 0xff, 0xff, 0xff, 
	0xff, 0xff, 0xff, 0xff, 0xe0, 0x0f, 0xff, 0x63, 0xff, 0xff, 0xff, 0xf3, 0xff, 0xff, 0xff, 0xff, 
	0xff, 0xbf, 0xff, 0xff, 0xfc, 0xff, 0xff, 0xff, 0xff, 0xff, 0xff, 0xe7, 0xff, 0xff, 0xff, 0xff, 
	0xff, 0xff, 0xff, 0xff, 0xff, 0xff, 0xff, 0xff, 0xff, 0xdf, 0xff, 0xff, 0xff, 0xff, 0xff, 0xff, 
	0xff, 0x7f, 0xff, 0xff, 0xff, 0x80, 0x1f, 0xff, 0x3f, 0x8f, 0xff, 0xff, 0xff, 0xff, 0xff, 0xff, 
	0xff, 0xff, 0xff, 0xff, 0xfe, 0x00, 0x7f, 0xfe, 0x3f, 0x8f, 0xff, 0xff, 0xff, 0xff, 0xff, 0xff, 
	0xfe, 0xff, 0xff, 0xff, 0xff, 0xe3, 0xf1, 0xfe, 0x3f, 0x0c, 0xff, 0xff, 0xff, 0xff, 0xff, 0xff, 
	0xff, 0xff, 0xff, 0xff, 0xff, 0xe3, 0xf8, 0xfe, 0x1f, 0x0c, 0x3e, 0x3f, 0xff, 0xff, 0xff, 0xff, 
	0xfd, 0xff, 0xff, 0xff, 0xff, 0xe3, 0xf2, 0x7e, 0x1e, 0x09, 0x26, 0x3f, 0xff, 0xff, 0xff, 0xff, 
	0xfd, 0xff, 0xff, 0xff, 0xff, 0xe3, 0xe2, 0x7f, 0x04, 0x09, 0x24, 0x3f, 0xff, 0xff, 0xff, 0xff, 
	0xff, 0xff, 0xff, 0xff, 0xff, 0xe3, 0xf0, 0xff, 0x80, 0x08, 0x20, 0x3f, 0xff, 0xff, 0xff, 0xff, 
	0xff, 0xff, 0xff, 0xff, 0xff, 0xe3, 0xfd, 0xff, 0xc1, 0x1c, 0x60, 0x3f, 0xff, 0xff, 0xff, 0xff, 
	0xfc, 0xbf, 0xff, 0xff, 0xff, 0xe3, 0xff, 0xff, 0xff, 0x1f, 0xf1, 0xff, 0xff, 0xff, 0xff, 0xff, 
	0xf9, 0xff, 0xff, 0xff, 0xff, 0xe3, 0xff, 0xff, 0xfe, 0x3f, 0xff, 0xff, 0xff, 0xff, 0xff, 0xff, 
	0xfb, 0x7f, 0x7c, 0xf3, 0xff, 0xf7, 0xff, 0xff, 0xf8, 0x7f, 0xff, 0xff, 0xef, 0xbe, 0xfe, 0xff, 
	0xfb, 0x3e, 0xfc, 0xf3, 0xff, 0xff, 0xff, 0xff, 0xff, 0xff, 0xff, 0xff, 0xe7, 0xbf, 0x7c, 0xff, 
	0xfb, 0x9d, 0xfd, 0xe7, 0xff, 0xff, 0xff, 0xff, 0xff, 0xff, 0xff, 0xff, 0xf7, 0x9f, 0xbd, 0xff, 
	0xff, 0xfd, 0xf1, 0xef, 0xff, 0xff, 0xff, 0xff, 0xff, 0xff, 0xff, 0xff, 0xf3, 0xcf, 0x9f, 0xff, 
	0xfd, 0xfd, 0xff, 0xff, 0xff, 0xdf, 0xf3, 0xfd, 0xd9, 0x7e, 0x7e, 0xff, 0xff, 0xff, 0x9f, 0xff, 
	0xe0, 0xfd, 0xff, 0xd3, 0xff, 0x15, 0xbf, 0x3c, 0xdd, 0x2e, 0x5a, 0xff, 0xcd, 0xff, 0xbf, 0xc7, 
	0xff, 0x7c, 0xfe, 0x3e, 0xff, 0xff, 0xff, 0xff, 0xff, 0xff, 0xff, 0xff, 0xbe, 0xff, 0xbf, 0xff, 
	0xff, 0x7e, 0xfd, 0xff, 0xff, 0xff, 0xff, 0xff, 0xff, 0xff, 0xff, 0xff, 0xff, 0x9f, 0x3f, 0xff, 
	0xfc, 0x3e, 0xfb, 0xff, 0xff, 0xff, 0xff, 0xff, 0xff, 0xff, 0xff, 0xff, 0xff, 0xcf, 0x7c, 0x7f, 
	0xf8, 0x06, 0x7f, 0xf8, 0x1f, 0xff, 0xff, 0xff, 0xff, 0xff, 0xff, 0xfc, 0x1f, 0xff, 0x60, 0x1f, 
	0xf8, 0x00, 0xff, 0xff, 0xff, 0xff, 0xff, 0xff, 0xff, 0xff, 0xff, 0xff, 0xff, 0xff, 0x00, 0x1f, 
	0xf0, 0x00, 0x7f, 0xff, 0xff, 0xff, 0xff, 0xff, 0xff, 0xff, 0xff, 0xff, 0x7f, 0xff, 0x00, 0x0f, 
	0xf0, 0x00, 0x01, 0xfc, 0x7f, 0xff, 0xff, 0xff, 0xff, 0xff, 0xff, 0xff, 0x3f, 0x80, 0x04, 0x07, 
	0xe0, 0x00, 0x0c, 0x01, 0xff, 0xff, 0xff, 0xff, 0xff, 0xff, 0xff, 0xff, 0x80, 0x38, 0x00, 0x07, 
	0xe0, 0x00, 0x0f, 0xff, 0xff, 0xff, 0xff, 0xff, 0xff, 0xff, 0xff, 0xff, 0xff, 0xf0, 0x00, 0x03, 
	0xc0, 0x00, 0x07, 0xff, 0xff, 0xff, 0xff, 0xff, 0xff, 0xff, 0xff, 0xff, 0xff, 0xe0, 0x00, 0x03, 
	0xc0, 0x00, 0x03, 0xfc, 0x3f, 0xff, 0xff, 0xff, 0xff, 0xff, 0xff, 0xfe, 0x1f, 0xe0, 0x00, 0x01, 
	0x80, 0x00, 0x03, 0xff, 0xbf, 0xff, 0xff, 0xff, 0xff, 0xff, 0xff, 0xfc, 0xff, 0xe0, 0x00, 0x00, 
	0x00, 0x00, 0x0f, 0xdf, 0xff, 0xff, 0xff, 0xff, 0xff, 0xff, 0xff, 0xff, 0xfd, 0xf8, 0x00, 0x00, 
	0x00, 0x00, 0x7f, 0xff, 0xff, 0xff, 0xff, 0xff, 0xff, 0xff, 0xff, 0xff, 0xf9, 0xff, 0x00, 0x00, 
	0x00, 0x03, 0xff, 0xff, 0xff, 0xff, 0xff, 0xff, 0xff, 0xff, 0xff, 0xff, 0xff, 0xff, 0xe0, 0x00
};
const unsigned char image14 [] PROGMEM = {
  0xff, 0xff, 0xff, 0xff, 0xff, 0xff, 0xff, 0xff, 0xff, 0xff, 0xff, 0xff, 0xff, 0xff, 0xff, 0xff, 
	0xff, 0xff, 0xff, 0xff, 0xff, 0xff, 0xff, 0xff, 0xff, 0xff, 0xff, 0xff, 0xff, 0xff, 0xff, 0xff, 
	0xff, 0xff, 0xff, 0xff, 0xff, 0xff, 0xff, 0xff, 0xff, 0xff, 0xff, 0xff, 0xff, 0xff, 0xff, 0xff, 
	0xff, 0xff, 0xff, 0xff, 0xff, 0xff, 0xff, 0xff, 0xff, 0xff, 0xff, 0xff, 0xff, 0xff, 0xff, 0xff, 
	0xff, 0xff, 0xff, 0xff, 0xff, 0xff, 0xff, 0xff, 0xff, 0xff, 0xff, 0x83, 0xff, 0xff, 0xff, 0xff, 
	0xff, 0xff, 0xff, 0xff, 0xff, 0xff, 0xff, 0xff, 0xff, 0xff, 0xff, 0x00, 0x7f, 0xff, 0xff, 0xff, 
	0xff, 0xff, 0xff, 0xff, 0xff, 0xff, 0xff, 0xff, 0xff, 0xff, 0xff, 0x00, 0x7f, 0xff, 0xff, 0xff, 
	0xff, 0xff, 0xff, 0xff, 0xff, 0xff, 0xff, 0xff, 0xff, 0xff, 0xfe, 0x00, 0x3f, 0xff, 0xff, 0xff, 
	0xff, 0xff, 0xff, 0xff, 0xff, 0xff, 0xff, 0xff, 0xff, 0xff, 0xff, 0x00, 0x3f, 0xff, 0xff, 0xff, 
	0xff, 0xff, 0xff, 0xff, 0xff, 0xff, 0xff, 0xff, 0xff, 0xff, 0xff, 0x00, 0x7f, 0xff, 0xff, 0xff, 
	0xff, 0xff, 0xff, 0xff, 0xff, 0xff, 0xff, 0xff, 0xff, 0xff, 0xfe, 0x00, 0x7f, 0xff, 0xff, 0xff, 
	0xff, 0xff, 0xff, 0xff, 0xff, 0xff, 0xff, 0xff, 0xff, 0xff, 0xfc, 0x00, 0x7f, 0xff, 0xff, 0xff, 
	0xff, 0xff, 0xff, 0xff, 0xff, 0xff, 0xff, 0xff, 0xff, 0xff, 0xf8, 0x00, 0x7f, 0xff, 0xff, 0xff, 
	0xff, 0xff, 0xff, 0xff, 0xff, 0xff, 0xff, 0xff, 0xff, 0xff, 0xf0, 0x00, 0xff, 0xff, 0xff, 0xff, 
	0xff, 0xff, 0xff, 0xf8, 0x73, 0xff, 0xff, 0xff, 0xff, 0xff, 0xc0, 0x00, 0xff, 0xff, 0xff, 0xff, 
	0xff, 0xff, 0xff, 0xf0, 0x10, 0xbf, 0xff, 0xff, 0xff, 0xfe, 0x00, 0x00, 0xff, 0xff, 0xff, 0xff, 
	0xff, 0xff, 0xff, 0xf0, 0x03, 0xfb, 0xff, 0xff, 0xff, 0xe8, 0x00, 0x00, 0xff, 0xff, 0xff, 0xff, 
	0xff, 0xff, 0xff, 0xe0, 0x00, 0x3f, 0xff, 0xff, 0xff, 0x80, 0x00, 0x10, 0x7f, 0xff, 0xff, 0xff, 
	0xff, 0xff, 0xff, 0xf0, 0x00, 0x07, 0xff, 0xff, 0xff, 0x80, 0x00, 0x00, 0x7f, 0xff, 0xff, 0xff, 
	0xff, 0xff, 0xff, 0xf0, 0x00, 0x01, 0xff, 0xff, 0xfc, 0x00, 0x03, 0xe0, 0x3f, 0xff, 0xff, 0xff, 
	0xff, 0xff, 0xff, 0xf8, 0x00, 0x00, 0x37, 0xff, 0xfc, 0x02, 0x07, 0xf0, 0xff, 0xff, 0xff, 0xff, 
	0xff, 0xff, 0xff, 0xfc, 0x00, 0x00, 0x01, 0x80, 0x80, 0x00, 0x03, 0xf0, 0xff, 0xff, 0xff, 0xff, 
	0xff, 0xff, 0xff, 0xfe, 0x00, 0x00, 0x00, 0x00, 0x00, 0x10, 0x17, 0xf8, 0xff, 0xff, 0xff, 0xff, 
	0xff, 0xff, 0xff, 0xff, 0x00, 0x00, 0x00, 0x00, 0x00, 0x20, 0x27, 0xf8, 0x7f, 0xff, 0xff, 0xff, 
	0xff, 0xff, 0xff, 0xff, 0x80, 0x00, 0x00, 0x00, 0x00, 0xc0, 0x0f, 0xf8, 0x7f, 0xff, 0xff, 0xff, 
	0xff, 0xff, 0xff, 0xff, 0xe0, 0x00, 0x00, 0x00, 0x01, 0x80, 0x87, 0xf8, 0x7f, 0xff, 0xff, 0xff, 
	0xff, 0xff, 0xff, 0xff, 0xff, 0xe0, 0x00, 0x00, 0x3e, 0x00, 0x07, 0xf8, 0x3f, 0xff, 0xff, 0xff, 
	0xff, 0xff, 0xff, 0xf0, 0x7f, 0xff, 0x10, 0x0f, 0xf0, 0x02, 0x03, 0xf8, 0x3f, 0xff, 0xff, 0xff, 
	0xff, 0xff, 0xff, 0xf0, 0x00, 0x1f, 0xff, 0xff, 0x00, 0x0c, 0x03, 0xf0, 0x3f, 0xff, 0xff, 0xff, 
	0xff, 0xff, 0xff, 0xf0, 0x00, 0x00, 0x1f, 0x80, 0x00, 0x18, 0x00, 0xe0, 0x3f, 0xff, 0xff, 0xff, 
	0xff, 0xff, 0xff, 0xf0, 0x00, 0x00, 0x00, 0x00, 0x00, 0x60, 0x00, 0x00, 0x3f, 0xff, 0xff, 0xff, 
	0xff, 0xff, 0xff, 0xf8, 0x00, 0x00, 0x00, 0x00, 0x03, 0x80, 0x00, 0x00, 0x3f, 0xff, 0xff, 0xff, 
	0xff, 0xff, 0xff, 0xfc, 0x00, 0x00, 0x00, 0x00, 0x0e, 0x00, 0x00, 0x00, 0x3f, 0xff, 0xff, 0xff, 
	0xff, 0xff, 0xff, 0xfe, 0x00, 0x00, 0x00, 0x00, 0xf0, 0x00, 0x00, 0x00, 0x1f, 0xff, 0xff, 0xff, 
	0xff, 0xff, 0xff, 0xff, 0x00, 0x00, 0x00, 0x0f, 0x80, 0x00, 0x00, 0x00, 0x1f, 0xff, 0xff, 0xff, 
	0xff, 0xff, 0xff, 0xff, 0x80, 0x00, 0x03, 0xfc, 0x00, 0x00, 0x00, 0x00, 0x1f, 0xff, 0xff, 0xff, 
	0xff, 0xff, 0xff, 0xff, 0xe0, 0x01, 0xff, 0x80, 0x00, 0x00, 0x00, 0x00, 0x3f, 0xff, 0xff, 0xff, 
	0xff, 0xff, 0xff, 0xff, 0xf8, 0x1f, 0x80, 0x00, 0x00, 0x00, 0x00, 0x00, 0x3f, 0xff, 0xff, 0xff, 
	0xff, 0xff, 0xff, 0xff, 0xff, 0x80, 0x00, 0x00, 0x00, 0x00, 0x78, 0x00, 0x0f, 0xff, 0xff, 0xff, 
	0xff, 0xff, 0xff, 0xff, 0xfe, 0x00, 0x00, 0x00, 0x00, 0x7f, 0xff, 0xfc, 0x3f, 0xff, 0xff, 0xff, 
	0xff, 0xff, 0xff, 0xff, 0xe0, 0x00, 0x00, 0x00, 0x1f, 0xff, 0xff, 0xff, 0x1f, 0xff, 0xff, 0xff, 
	0xff, 0xff, 0xff, 0xff, 0xe0, 0x00, 0x00, 0x01, 0xff, 0xff, 0xff, 0xff, 0xff, 0xff, 0xff, 0xff, 
	0xff, 0xff, 0xff, 0xff, 0xc0, 0x00, 0x00, 0x0f, 0xff, 0xff, 0xff, 0xff, 0xff, 0xff, 0xff, 0xff, 
	0xff, 0xff, 0xff, 0xff, 0xc0, 0x00, 0x00, 0x7f, 0xff, 0xff, 0xfe, 0x0b, 0xff, 0xff, 0xff, 0xff, 
	0xff, 0xff, 0xff, 0xff, 0xe0, 0x00, 0x01, 0xff, 0xff, 0xff, 0x09, 0x6f, 0xff, 0xff, 0xff, 0xff, 
	0xff, 0xff, 0xff, 0xff, 0xf8, 0x00, 0x07, 0xff, 0xff, 0x83, 0xf8, 0x04, 0xff, 0xff, 0xff, 0xff, 
	0xff, 0xff, 0xff, 0xff, 0xfe, 0x00, 0x08, 0xff, 0xfe, 0x0f, 0xfe, 0x3f, 0xff, 0xff, 0xff, 0xff, 
	0xff, 0xff, 0xff, 0xff, 0xff, 0x00, 0x00, 0x7f, 0xe0, 0x1f, 0xff, 0xff, 0xff, 0xff, 0xff, 0xff, 
	0xff, 0xff, 0xff, 0xff, 0xff, 0xe0, 0x20, 0x1f, 0x80, 0x3f, 0xdf, 0xff, 0xff, 0xff, 0xff, 0xff, 
	0xff, 0xff, 0xff, 0xff, 0xff, 0xff, 0xc0, 0x0e, 0x23, 0xff, 0xdf, 0xf3, 0xff, 0xff, 0xff, 0xff, 
	0xff, 0xff, 0xff, 0xff, 0xff, 0xfc, 0x40, 0x04, 0x3f, 0xff, 0xff, 0xfb, 0xff, 0xff, 0xff, 0xff, 
	0xff, 0xff, 0xff, 0xff, 0xff, 0xfc, 0x00, 0x06, 0x7f, 0x7f, 0xff, 0xff, 0xdf, 0xff, 0xff, 0xff, 
	0xff, 0xff, 0xff, 0xff, 0xff, 0xfc, 0x00, 0x02, 0xff, 0x7f, 0xc7, 0xff, 0x1f, 0xff, 0xff, 0xff, 
	0xff, 0xff, 0xff, 0xff, 0xff, 0xfc, 0x00, 0x00, 0xff, 0xbf, 0xc3, 0xff, 0x3f, 0xff, 0xff, 0xff, 
	0xff, 0xff, 0xff, 0xff, 0xff, 0xff, 0x00, 0x00, 0x7f, 0x1f, 0x83, 0xf8, 0xff, 0xff, 0xff, 0xff, 
	0xff, 0xff, 0xff, 0xff, 0xff, 0xff, 0x80, 0x00, 0x40, 0x07, 0xfb, 0xfb, 0xff, 0xff, 0xff, 0xff, 
	0xff, 0xff, 0xff, 0xff, 0xff, 0xff, 0x80, 0x00, 0x00, 0x03, 0xf9, 0xff, 0xff, 0xff, 0xff, 0xff, 
	0xff, 0xff, 0xff, 0xff, 0xff, 0xff, 0xc0, 0x00, 0x00, 0x00, 0x61, 0xff, 0xff, 0xff, 0xff, 0xff, 
	0xff, 0xff, 0xff, 0xff, 0xff, 0xff, 0xf0, 0x00, 0x00, 0x00, 0x00, 0x7f, 0xff, 0xff, 0xff, 0xff, 
	0xff, 0xff, 0xff, 0xff, 0xff, 0xff, 0xf0, 0x00, 0x00, 0x00, 0x00, 0x3f, 0xff, 0xff, 0xff, 0xff, 
	0xff, 0xff, 0xff, 0xff, 0xff, 0xff, 0xfe, 0x00, 0x00, 0x80, 0x00, 0x01, 0xff, 0xff, 0xff, 0xff, 
	0xff, 0xff, 0xff, 0xff, 0xff, 0xff, 0xff, 0xe7, 0xff, 0xff, 0xf0, 0x00, 0x3f, 0xff, 0xff, 0xff, 
	0xff, 0xff, 0xff, 0xff, 0xff, 0xff, 0xff, 0xff, 0xff, 0xff, 0xff, 0xff, 0xff, 0xff, 0xff, 0xff, 
	0xff, 0xff, 0xff, 0xff, 0xff, 0xff, 0xff, 0xff, 0xff, 0xff, 0xff, 0xff, 0xff, 0xff, 0xff, 0xff
};
const unsigned char image15 [] PROGMEM = {
  0xe0, 0xeb, 0xff, 0xf8, 0x3f, 0x7f, 0xff, 0xff, 0xff, 0xf0, 0x00, 0xff, 0xff, 0xf3, 0xff, 0xff, 
	0xc0, 0xd7, 0xff, 0xf0, 0x7f, 0xff, 0xff, 0xfe, 0xff, 0xff, 0xf8, 0x00, 0x3f, 0xf3, 0xff, 0xff, 
	0xc1, 0xff, 0xff, 0xc0, 0xff, 0xff, 0xf9, 0xfd, 0xff, 0xff, 0xff, 0xfc, 0x00, 0x03, 0xff, 0xff, 
	0xc1, 0xff, 0xff, 0xc0, 0xe7, 0xff, 0xe0, 0x7f, 0xff, 0xff, 0xfe, 0xff, 0xff, 0x80, 0x07, 0xff, 
	0xe1, 0xff, 0xff, 0xc1, 0xff, 0xff, 0xf4, 0x7f, 0xff, 0xff, 0xfd, 0xff, 0xff, 0xff, 0xc0, 0x01, 
	0xc3, 0xff, 0xff, 0xc1, 0xff, 0xff, 0xe0, 0xef, 0xff, 0xf8, 0x3f, 0xff, 0xff, 0xff, 0xff, 0xf8, 
	0xe3, 0xff, 0xff, 0xc3, 0xff, 0xff, 0xd1, 0xf7, 0xff, 0xe0, 0x7f, 0xff, 0xff, 0xff, 0xff, 0xff, 
	0xff, 0xbf, 0xff, 0xc3, 0xff, 0xff, 0x81, 0xff, 0xff, 0xc0, 0x77, 0xff, 0xf9, 0xff, 0xff, 0xff, 
	0xff, 0x80, 0xff, 0xc3, 0xff, 0xff, 0x83, 0xff, 0xff, 0xc0, 0xf7, 0xff, 0xf0, 0x38, 0xff, 0xff, 
	0xff, 0xc1, 0xe7, 0xe7, 0xff, 0xff, 0x83, 0xff, 0xff, 0xc1, 0xf7, 0xff, 0xe0, 0x39, 0x07, 0xff, 
	0xff, 0x81, 0xdb, 0xff, 0x3f, 0xff, 0x87, 0xff, 0xff, 0x81, 0xff, 0xff, 0xe0, 0x7f, 0xff, 0xfe, 
	0xff, 0x83, 0xbf, 0xff, 0x81, 0xff, 0x87, 0xff, 0xff, 0x83, 0xff, 0xff, 0xc0, 0x7f, 0xff, 0xff, 
	0xff, 0x03, 0xff, 0xff, 0xc0, 0xfb, 0xff, 0xff, 0xff, 0xc3, 0xff, 0xff, 0xc0, 0xff, 0xff, 0xff, 
	0xfe, 0x07, 0xff, 0xff, 0x81, 0xe7, 0xff, 0x82, 0xff, 0x87, 0xff, 0xff, 0xc1, 0xff, 0xff, 0xfe, 
	0xfc, 0x0f, 0xff, 0xff, 0x01, 0xff, 0xff, 0xc0, 0xff, 0xc7, 0xff, 0xff, 0xc1, 0xff, 0xff, 0xfe, 
	0xfc, 0x1f, 0xff, 0xff, 0x03, 0xff, 0xff, 0xc1, 0xfb, 0xff, 0xff, 0xff, 0xc3, 0xff, 0xff, 0xfe, 
	0xf8, 0x1f, 0xff, 0xfe, 0x07, 0x3f, 0xff, 0x81, 0xe7, 0xff, 0x80, 0x7f, 0xc3, 0xff, 0xff, 0xfc, 
	0xf8, 0x3f, 0xff, 0xfc, 0x0c, 0xff, 0xff, 0x03, 0xff, 0xff, 0xc0, 0x7f, 0xe7, 0x3f, 0xff, 0xfc, 
	0xf8, 0x3f, 0xff, 0xfc, 0x0c, 0xff, 0xfe, 0x03, 0xff, 0xff, 0xc0, 0x7f, 0xff, 0xff, 0xff, 0xf8, 
	0xfc, 0x7f, 0xff, 0xfc, 0x1f, 0xff, 0xfe, 0x07, 0x9f, 0xff, 0xc0, 0xff, 0xff, 0xff, 0xff, 0xf8, 
	0xfc, 0x7f, 0xff, 0xfc, 0x1f, 0xff, 0xfe, 0x0f, 0x7f, 0xff, 0xc0, 0xff, 0xff, 0xff, 0xfe, 0xf1, 
	0xfc, 0xdb, 0xff, 0xfc, 0x3f, 0xff, 0xfc, 0x0f, 0xff, 0xff, 0x81, 0xff, 0xff, 0xff, 0xff, 0x73, 
	0xff, 0x03, 0xff, 0x7c, 0x3f, 0xff, 0xfc, 0x1f, 0xff, 0xff, 0x03, 0xff, 0xff, 0xff, 0xff, 0x63, 
	0xfe, 0x07, 0xdf, 0xfc, 0x7f, 0xff, 0xfe, 0x1f, 0xff, 0xff, 0x03, 0xff, 0xff, 0xff, 0xff, 0x83, 
	0xfe, 0x0f, 0xbf, 0xfe, 0x03, 0xff, 0xfc, 0x3f, 0xff, 0xfe, 0x07, 0xff, 0xff, 0xff, 0xff, 0xc7, 
	0xf8, 0x0f, 0xff, 0xff, 0x03, 0xff, 0xfc, 0x7f, 0xff, 0xfc, 0x07, 0xff, 0xff, 0xff, 0xff, 0xc7, 
	0xf0, 0x1f, 0xff, 0xff, 0x07, 0xa7, 0xfe, 0x62, 0xff, 0xfc, 0x0f, 0xff, 0xff, 0xff, 0xff, 0xcf, 
	0xe0, 0x3c, 0xff, 0xfe, 0x07, 0xff, 0xff, 0x01, 0xff, 0x9c, 0x0f, 0xff, 0xff, 0xff, 0xff, 0x0f, 
	0xe0, 0x7b, 0xff, 0xfc, 0x0f, 0xff, 0xff, 0x03, 0xff, 0xfe, 0x1f, 0xff, 0xff, 0xff, 0xff, 0x9f, 
	0xe0, 0x7f, 0xff, 0xf8, 0x1e, 0xff, 0xfe, 0x03, 0xff, 0xff, 0xff, 0xff, 0xff, 0xff, 0xff, 0x1f, 
	0xc0, 0xff, 0xff, 0xf0, 0x3d, 0xff, 0xfe, 0x03, 0x8f, 0xff, 0xff, 0xff, 0xff, 0xff, 0xff, 0x3f, 
	0xe1, 0xff, 0xff, 0xe0, 0x3f, 0xff, 0xfc, 0x07, 0x07, 0xdf, 0xff, 0xff, 0xff, 0xff, 0xff, 0x3f, 
	0xe1, 0xff, 0xff, 0xe0, 0x7f, 0xff, 0xfc, 0x0f, 0xff, 0x39, 0xff, 0xff, 0xff, 0xff, 0xfe, 0x7f, 
	0xe3, 0xff, 0xf3, 0xe0, 0x7f, 0xff, 0xf8, 0x0f, 0xff, 0xf5, 0x0b, 0xff, 0xff, 0xff, 0xfc, 0x7f, 
	0xe3, 0xf7, 0xc7, 0xe0, 0xfb, 0xff, 0xf0, 0x1f, 0xff, 0xff, 0xc7, 0xff, 0xff, 0xff, 0xfc, 0xff, 
	0xff, 0x80, 0x0f, 0xe1, 0xf8, 0x63, 0xf0, 0x1f, 0xff, 0xff, 0xff, 0xff, 0xff, 0xff, 0xf8, 0xff, 
	0xff, 0xc0, 0x3e, 0x61, 0xff, 0xff, 0xf0, 0x3f, 0xff, 0xff, 0xff, 0xff, 0xff, 0xff, 0xf9, 0xff, 
	0xff, 0xc0, 0x79, 0xf3, 0x04, 0xcf, 0xfc, 0x7c, 0xff, 0xff, 0xff, 0xff, 0xff, 0xff, 0xf1, 0xff, 
	0xfe, 0x00, 0xf1, 0xff, 0xc0, 0x03, 0xf8, 0x60, 0x19, 0xff, 0xff, 0xff, 0xff, 0xff, 0xf3, 0xff, 
	0xff, 0x01, 0xef, 0xff, 0xe0, 0x1f, 0xf8, 0xe0, 0x00, 0x31, 0xff, 0xff, 0xff, 0xff, 0xc3, 0xff, 
	0xf8, 0x01, 0xff, 0xff, 0xe0, 0x3f, 0xfc, 0x00, 0x00, 0x00, 0x02, 0xff, 0xff, 0xff, 0xc3, 0xff, 
	0xf0, 0x03, 0xdf, 0xff, 0x80, 0x7f, 0xff, 0xfc, 0x00, 0x00, 0x00, 0x00, 0x0f, 0xff, 0xc7, 0xff, 
	0xe0, 0x07, 0x7f, 0xff, 0x00, 0x7e, 0x7f, 0xff, 0xf8, 0x00, 0x00, 0x00, 0x00, 0x3f, 0x87, 0xff, 
	0xc0, 0x0f, 0xff, 0xfe, 0x00, 0xe3, 0x3f, 0xff, 0xff, 0xf8, 0x00, 0x00, 0x00, 0x3e, 0x8f, 0xff, 
	0x00, 0x0f, 0xff, 0xfc, 0x01, 0xf4, 0x30, 0xef, 0xff, 0xff, 0xfc, 0x00, 0x00, 0x1e, 0x8f, 0xff, 
	0x00, 0x00, 0xff, 0xf8, 0x03, 0xff, 0xf0, 0x07, 0xff, 0xff, 0xff, 0xfe, 0x00, 0x1e, 0x1f, 0xff, 
	0x00, 0x00, 0x00, 0x10, 0x03, 0xff, 0xff, 0xff, 0xff, 0xff, 0xff, 0xff, 0xff, 0x1e, 0x1f, 0xff, 
	0x00, 0x00, 0x00, 0x00, 0x07, 0xff, 0xff, 0xff, 0xff, 0xff, 0xff, 0xff, 0xff, 0x87, 0x3f, 0xff, 
	0x00, 0x00, 0x00, 0x00, 0x00, 0x1f, 0xff, 0xff, 0xff, 0xff, 0xff, 0xff, 0xff, 0xc6, 0x3f, 0xff, 
	0x3e, 0x00, 0x00, 0x00, 0x08, 0x00, 0x3f, 0xff, 0xff, 0xff, 0xff, 0xff, 0xff, 0xa4, 0x7f, 0xff, 
	0x3f, 0xf0, 0x00, 0x00, 0x00, 0x00, 0x00, 0xff, 0xff, 0xff, 0xff, 0xff, 0xff, 0x40, 0x7f, 0xff, 
	0x7f, 0xff, 0xff, 0x00, 0x00, 0x00, 0x00, 0x00, 0xff, 0xff, 0xff, 0xff, 0xfe, 0x00, 0x7f, 0xff, 
	0xff, 0xff, 0xff, 0x80, 0x00, 0x00, 0x00, 0x00, 0x00, 0xff, 0xff, 0xff, 0xfc, 0x00, 0xff, 0xff, 
	0xff, 0xff, 0xff, 0x00, 0x3e, 0x00, 0x00, 0x00, 0x00, 0x00, 0x7f, 0xff, 0xfc, 0x00, 0x7f, 0xff, 
	0xff, 0xff, 0xfa, 0x40, 0x3f, 0xf8, 0x00, 0x00, 0x00, 0x00, 0x00, 0x1f, 0xf8, 0x00, 0xff, 0xff, 
	0xff, 0xff, 0x86, 0x40, 0x7f, 0xff, 0xfc, 0x00, 0x00, 0x40, 0x00, 0x00, 0x00, 0x00, 0xff, 0x7f, 
	0xff, 0xc6, 0x04, 0x00, 0x77, 0xff, 0xff, 0xc0, 0x00, 0x00, 0x00, 0x00, 0x00, 0x00, 0x1f, 0xff, 
	0xc0, 0x00, 0x08, 0x00, 0xff, 0xbd, 0xfc, 0x80, 0x04, 0x00, 0x00, 0x00, 0x00, 0x00, 0x00, 0x10, 
	0xff, 0xf0, 0x10, 0x01, 0xff, 0xff, 0xff, 0x00, 0x0f, 0xf0, 0x00, 0x00, 0x00, 0x00, 0x07, 0x97, 
	0x00, 0x00, 0x00, 0x00, 0x00, 0x00, 0x00, 0x00, 0x00, 0x00, 0x00, 0x00, 0x00, 0x00, 0x00, 0x00, 
	0x00, 0x00, 0x00, 0x00, 0x00, 0x00, 0x00, 0x00, 0x00, 0x00, 0x00, 0x00, 0x00, 0x00, 0x00, 0x00, 
	0x00, 0x00, 0x00, 0x00, 0x00, 0x00, 0x00, 0x00, 0x00, 0x00, 0x00, 0x00, 0x00, 0x00, 0x00, 0x00, 
	0x00, 0x00, 0x00, 0x00, 0x00, 0x00, 0x00, 0x00, 0x00, 0x00, 0x00, 0x00, 0x00, 0x00, 0x00, 0x00, 
	0x00, 0x00, 0x00, 0x00, 0x00, 0x00, 0x00, 0x00, 0x00, 0x00, 0x00, 0x00, 0x00, 0x00, 0x00, 0x00
};
const unsigned char image16 [] PROGMEM = {
  0xff, 0xff, 0xff, 0xff, 0xff, 0xff, 0xff, 0xff, 0xfe, 0x0f, 0xff, 0xff, 0xff, 0xff, 0xff, 0xff, 
	0xff, 0xff, 0xff, 0xff, 0xff, 0xff, 0xf8, 0x01, 0xf0, 0x07, 0xff, 0xff, 0xff, 0xff, 0xff, 0xff, 
	0xff, 0xff, 0xff, 0xff, 0xff, 0xff, 0xe0, 0x3e, 0x07, 0xc3, 0xff, 0xff, 0xff, 0xff, 0xff, 0xff, 
	0xff, 0xff, 0xff, 0xff, 0xff, 0xff, 0xc0, 0x07, 0xf8, 0x01, 0xff, 0xff, 0xff, 0xff, 0xff, 0xff, 
	0xff, 0xff, 0xff, 0xff, 0xff, 0xff, 0x80, 0x7f, 0xff, 0xc0, 0xff, 0xff, 0xff, 0xff, 0xff, 0xff, 
	0xff, 0xff, 0xff, 0xff, 0xff, 0xff, 0x81, 0xff, 0xff, 0xe0, 0xff, 0xff, 0xff, 0xff, 0xff, 0xff, 
	0xff, 0xff, 0xff, 0xff, 0xff, 0xff, 0x83, 0xdf, 0xfc, 0xe0, 0xff, 0xff, 0xff, 0xff, 0xff, 0xff, 
	0xff, 0xff, 0xff, 0xff, 0xff, 0xff, 0xcb, 0xcf, 0xfc, 0x67, 0xff, 0xff, 0xff, 0xff, 0xff, 0xff, 
	0xff, 0xff, 0xff, 0xff, 0xff, 0xff, 0xff, 0xcf, 0xfe, 0xef, 0xff, 0xff, 0xff, 0xff, 0xff, 0xff, 
	0xff, 0xff, 0xff, 0xff, 0xff, 0xff, 0xff, 0xcf, 0xff, 0xff, 0xff, 0xff, 0xff, 0xff, 0xff, 0xff, 
	0xff, 0xff, 0xff, 0xff, 0xff, 0xff, 0xff, 0xfc, 0xff, 0x1f, 0xff, 0xff, 0xff, 0xff, 0xff, 0xff, 
	0xff, 0xff, 0xff, 0xff, 0xff, 0xff, 0xff, 0xc0, 0x1e, 0x03, 0x6f, 0xff, 0xff, 0xff, 0xff, 0xff, 
	0xff, 0xff, 0xff, 0xff, 0xff, 0xff, 0xff, 0x9e, 0x8c, 0x00, 0x27, 0xff, 0xff, 0xff, 0xff, 0xff, 
	0xff, 0xff, 0xff, 0xff, 0xff, 0xfb, 0xbf, 0x00, 0x00, 0x00, 0x27, 0xff, 0xff, 0xff, 0xff, 0xff, 
	0xff, 0xff, 0xff, 0xff, 0xff, 0xc7, 0x3c, 0x00, 0x00, 0x20, 0x33, 0xff, 0xff, 0xff, 0xff, 0xff, 
	0xff, 0xff, 0xff, 0xff, 0xff, 0x07, 0x00, 0x06, 0x00, 0x00, 0x30, 0xff, 0xff, 0xff, 0xff, 0xff, 
	0xff, 0xff, 0xff, 0xff, 0xff, 0x07, 0x00, 0x08, 0x01, 0x00, 0x70, 0x7f, 0xff, 0xff, 0xff, 0xff, 
	0xff, 0xff, 0xff, 0xff, 0xff, 0x07, 0x00, 0x10, 0xe4, 0xc0, 0xf0, 0x7f, 0xff, 0xff, 0xff, 0xff, 
	0xff, 0xff, 0xff, 0xff, 0xff, 0x07, 0x00, 0x01, 0xc6, 0x01, 0xe0, 0x7f, 0xff, 0xff, 0xff, 0xff, 
	0xff, 0xff, 0xff, 0xff, 0xff, 0x07, 0x80, 0x07, 0x8f, 0xff, 0xe0, 0xff, 0xff, 0xff, 0xff, 0xff, 
	0xff, 0xff, 0xff, 0xff, 0xff, 0x87, 0x80, 0x0e, 0x1f, 0xff, 0xe0, 0xff, 0xff, 0xff, 0xff, 0xff, 
	0xff, 0xff, 0xff, 0xff, 0xff, 0x87, 0xc0, 0x00, 0x3f, 0xff, 0xc0, 0xff, 0xff, 0xff, 0xff, 0xff, 
	0xff, 0xff, 0xff, 0xff, 0xff, 0x83, 0xf0, 0x00, 0xff, 0xff, 0xc0, 0xff, 0xff, 0xff, 0xff, 0xff, 
	0xff, 0xff, 0xff, 0xff, 0xff, 0x83, 0xff, 0xff, 0xff, 0xff, 0x81, 0xff, 0xff, 0xff, 0xff, 0xff, 
	0xff, 0xff, 0xff, 0xff, 0xff, 0x81, 0xff, 0xff, 0xff, 0xff, 0x01, 0xff, 0xff, 0xff, 0xff, 0xff, 
	0xff, 0xff, 0xff, 0xff, 0xff, 0x80, 0xff, 0xff, 0xff, 0xfe, 0x01, 0xff, 0xff, 0xff, 0xff, 0xff, 
	0xff, 0xff, 0xff, 0xff, 0xff, 0x80, 0x7f, 0xff, 0xff, 0xb8, 0x01, 0xff, 0xff, 0xff, 0xff, 0xff, 
	0xff, 0xff, 0xff, 0xff, 0xff, 0xc0, 0x1f, 0xc7, 0xff, 0x10, 0x03, 0xff, 0xff, 0xff, 0xff, 0xff, 
	0xff, 0xff, 0xff, 0xff, 0xff, 0xc0, 0x07, 0xc0, 0xfc, 0x00, 0x03, 0xff, 0xff, 0xff, 0xff, 0xff, 
	0xff, 0xff, 0xff, 0xff, 0xff, 0xc0, 0x01, 0xc0, 0x10, 0x08, 0x0b, 0xff, 0xff, 0xff, 0xff, 0xff, 
	0xff, 0xff, 0xff, 0xff, 0xff, 0xe0, 0x00, 0x00, 0x00, 0x0c, 0x07, 0xff, 0xff, 0xff, 0xff, 0xff, 
	0xff, 0xff, 0xff, 0xff, 0xff, 0xc0, 0x00, 0x00, 0x00, 0x1c, 0x07, 0xff, 0xff, 0xff, 0xff, 0xff, 
	0xff, 0xff, 0xff, 0xff, 0xff, 0xc0, 0x00, 0x00, 0x00, 0x18, 0x03, 0xff, 0xff, 0xff, 0xff, 0xff, 
	0xff, 0xff, 0xff, 0xff, 0xff, 0xe0, 0x00, 0x00, 0x00, 0x18, 0x07, 0xff, 0xff, 0xff, 0xff, 0xff, 
	0xff, 0xff, 0xff, 0xff, 0xff, 0xe1, 0x00, 0x00, 0x00, 0x18, 0x07, 0xff, 0xff, 0xff, 0xff, 0xff, 
	0xff, 0xff, 0xff, 0xff, 0xff, 0xcf, 0xc0, 0x20, 0x07, 0xd8, 0xc7, 0xff, 0xff, 0xff, 0xff, 0xff, 
	0xff, 0xff, 0xff, 0xff, 0xff, 0x9f, 0xc0, 0x70, 0xc7, 0x99, 0xe0, 0x7f, 0xff, 0xff, 0xff, 0xff, 
	0xff, 0xff, 0xff, 0xff, 0xff, 0x3f, 0xe0, 0x67, 0xcd, 0x9b, 0x6f, 0x7f, 0xff, 0xff, 0xff, 0xff, 
	0xff, 0xff, 0xff, 0xff, 0xfe, 0x78, 0xe0, 0x03, 0xed, 0xb2, 0x4e, 0xff, 0xff, 0xff, 0xff, 0xff, 
	0xff, 0xff, 0xff, 0xff, 0xfe, 0x7c, 0x61, 0xb3, 0x6d, 0xb6, 0xd9, 0xff, 0xff, 0xff, 0xff, 0xff, 
	0xff, 0xff, 0xff, 0xff, 0xfe, 0x7c, 0x71, 0xb3, 0x6d, 0xb6, 0xd9, 0xff, 0xff, 0xff, 0xff, 0xff, 
	0xff, 0xff, 0xff, 0xff, 0xfe, 0x1c, 0x77, 0xb3, 0x6d, 0xb7, 0x9b, 0xff, 0xff, 0xff, 0xff, 0xff, 
	0xff, 0xff, 0xff, 0xff, 0xff, 0x1c, 0x77, 0x33, 0x6d, 0xb6, 0x19, 0xff, 0xff, 0xff, 0xff, 0xff, 
	0xff, 0xff, 0xff, 0xff, 0xff, 0x0e, 0x76, 0x33, 0x6f, 0xb4, 0x19, 0xff, 0xff, 0xff, 0xff, 0xff, 
	0xff, 0xff, 0xff, 0xff, 0xff, 0xce, 0x66, 0x3b, 0x6f, 0x27, 0x19, 0xff, 0xff, 0xff, 0xff, 0xff, 
	0xff, 0xff, 0xff, 0xff, 0xff, 0xce, 0x66, 0x3b, 0x67, 0x27, 0x7b, 0xff, 0xff, 0xff, 0xff, 0xff, 
	0xff, 0xff, 0xff, 0xff, 0xff, 0xc7, 0xe3, 0x3b, 0x43, 0x00, 0x73, 0xff, 0xff, 0xff, 0xff, 0xff, 
	0xff, 0xff, 0xff, 0xff, 0xff, 0xe7, 0xc3, 0x1b, 0x03, 0x00, 0x07, 0xff, 0xff, 0xff, 0xff, 0xff, 
	0xff, 0xff, 0xff, 0xff, 0xff, 0xe7, 0x83, 0x18, 0x07, 0x00, 0x1f, 0xff, 0xff, 0xff, 0xff, 0xff, 
	0xff, 0xff, 0xff, 0xff, 0xff, 0xe3, 0x83, 0x00, 0x0e, 0x00, 0x3f, 0xff, 0xff, 0xff, 0xff, 0xff, 
	0xff, 0xff, 0xff, 0xff, 0xff, 0xf3, 0x83, 0x00, 0x0c, 0x00, 0x3f, 0xff, 0xff, 0xff, 0xff, 0xff, 
	0xff, 0xff, 0xff, 0xff, 0xff, 0xf3, 0x82, 0x00, 0x00, 0x00, 0x3f, 0xff, 0xff, 0xff, 0xff, 0xff, 
	0xff, 0xff, 0xff, 0xff, 0xff, 0xf1, 0xc0, 0x00, 0x00, 0x00, 0x7f, 0xff, 0xff, 0xff, 0xff, 0xff, 
	0xff, 0xff, 0xff, 0xff, 0xff, 0xf9, 0xc0, 0x00, 0x00, 0x00, 0x7f, 0xff, 0xff, 0xff, 0xff, 0xff, 
	0xff, 0xff, 0xff, 0xff, 0xff, 0xf9, 0xc0, 0x00, 0x0f, 0xfe, 0x7f, 0xff, 0xff, 0xff, 0xff, 0xff, 
	0xff, 0xff, 0xff, 0xff, 0xff, 0xf9, 0xc0, 0x00, 0xff, 0xff, 0xff, 0xff, 0xff, 0xff, 0xff, 0xff, 
	0xff, 0xff, 0xff, 0xff, 0xff, 0xfc, 0x82, 0x07, 0xff, 0xff, 0xff, 0xff, 0xff, 0xff, 0xff, 0xff, 
	0xff, 0xff, 0xff, 0xff, 0xff, 0xfc, 0x08, 0x1f, 0xff, 0xff, 0xff, 0xff, 0xff, 0xff, 0xff, 0xff, 
	0xff, 0xff, 0xff, 0xff, 0xff, 0xfc, 0x90, 0x7f, 0xff, 0xff, 0xff, 0xff, 0xff, 0xff, 0xff, 0xff, 
	0xff, 0xff, 0xff, 0xff, 0xff, 0xff, 0xe0, 0xff, 0xff, 0xff, 0xff, 0xff, 0xff, 0xff, 0xff, 0xff, 
	0xff, 0xff, 0xff, 0xff, 0xff, 0xff, 0xc3, 0xff, 0xff, 0xff, 0xff, 0xff, 0xff, 0xff, 0xff, 0xff, 
	0xff, 0xff, 0xff, 0xff, 0xff, 0xff, 0xc7, 0xff, 0xff, 0xff, 0xff, 0xff, 0xff, 0xff, 0xff, 0xff, 
	0xff, 0xff, 0xff, 0xff, 0xff, 0xff, 0xcf, 0xff, 0xff, 0xff, 0xff, 0xff, 0xff, 0xff, 0xff, 0xff, 
	0xff, 0xff, 0xff, 0xff, 0xff, 0xff, 0xff, 0xff, 0xff, 0xff, 0xff, 0xff, 0xff, 0xff, 0xff, 0xff
};
const unsigned char image17 [] PROGMEM = {
  0xff, 0xff, 0xff, 0xff, 0xff, 0xff, 0xff, 0xff, 0xff, 0xff, 0xff, 0xff, 0xff, 0xff, 0xff, 0xff, 
	0xff, 0xff, 0xff, 0xff, 0xff, 0xff, 0xff, 0xff, 0xff, 0xff, 0xff, 0xff, 0xff, 0xff, 0xff, 0xff, 
	0xff, 0xff, 0xff, 0xff, 0xff, 0xff, 0xf3, 0xff, 0xff, 0xff, 0xff, 0xff, 0xff, 0xff, 0xff, 0xff, 
	0xff, 0xff, 0xff, 0xff, 0xff, 0xff, 0xfe, 0x00, 0xb8, 0x01, 0x8f, 0x0f, 0xff, 0xff, 0xff, 0xff, 
	0xff, 0xff, 0xff, 0xff, 0xbf, 0xff, 0xf8, 0x00, 0x78, 0x00, 0x30, 0x07, 0xff, 0xff, 0xff, 0xff, 
	0xff, 0xff, 0xff, 0xff, 0x01, 0xff, 0xf8, 0x00, 0x00, 0x01, 0xc0, 0x1f, 0xf0, 0x07, 0xff, 0xff, 
	0xff, 0xf8, 0xbf, 0xff, 0xe0, 0xff, 0xf0, 0x00, 0x00, 0x01, 0x0f, 0xff, 0xff, 0xc7, 0xc0, 0xff, 
	0x7f, 0xff, 0xff, 0xff, 0xf0, 0x7f, 0xe0, 0x00, 0x3f, 0x80, 0x7f, 0xff, 0xff, 0xff, 0xff, 0xfc, 
	0x3f, 0xff, 0xff, 0xfe, 0xfc, 0x7f, 0x06, 0x00, 0x64, 0x0f, 0xff, 0xff, 0xff, 0xff, 0xff, 0xfe, 
	0x7f, 0xff, 0xff, 0xe0, 0x18, 0x3c, 0x00, 0x01, 0x80, 0x22, 0x79, 0xff, 0xff, 0xff, 0xff, 0xf0, 
	0x7f, 0xff, 0xff, 0xc0, 0xe0, 0x18, 0x00, 0x02, 0x00, 0x3f, 0x71, 0x37, 0xff, 0xff, 0xe7, 0x80, 
	0x10, 0x1f, 0xfe, 0xc0, 0x7c, 0x00, 0x00, 0x20, 0x07, 0xff, 0xff, 0xff, 0xff, 0xf8, 0x0c, 0x00, 
	0x00, 0x04, 0x78, 0x88, 0x7c, 0x00, 0x00, 0x41, 0x1f, 0xff, 0xff, 0xfd, 0xdf, 0xf0, 0x18, 0x00, 
	0x00, 0x03, 0x7f, 0xc2, 0xe0, 0x00, 0x00, 0x37, 0xff, 0xff, 0xff, 0xff, 0xff, 0xfc, 0x00, 0x00, 
	0x00, 0x00, 0x7f, 0xc3, 0xa0, 0x00, 0x00, 0x1f, 0xff, 0xff, 0xff, 0xff, 0xff, 0xf8, 0x00, 0x00, 
	0x00, 0x00, 0xff, 0xf1, 0x78, 0x00, 0x00, 0x1f, 0xff, 0xff, 0xff, 0xff, 0xff, 0xf0, 0x00, 0x00, 
	0x00, 0x00, 0xff, 0xff, 0xe0, 0x00, 0x00, 0x38, 0xbc, 0x3b, 0xff, 0xff, 0xff, 0xe0, 0x00, 0x00, 
	0x00, 0x00, 0xff, 0xff, 0xc0, 0x00, 0x00, 0x70, 0x7f, 0xff, 0xff, 0xff, 0xff, 0xc0, 0x00, 0x00, 
	0x00, 0x00, 0xff, 0xff, 0x80, 0x00, 0x00, 0x71, 0x13, 0xfd, 0xff, 0xff, 0xfe, 0x00, 0x00, 0x00, 
	0x00, 0x00, 0x7f, 0xff, 0x80, 0x00, 0x00, 0x7f, 0x00, 0x7f, 0xff, 0xff, 0xfe, 0x08, 0x00, 0x00, 
	0x00, 0x00, 0x3f, 0xfe, 0x00, 0x00, 0x00, 0xff, 0xd8, 0xff, 0xff, 0xff, 0xfe, 0x00, 0x00, 0x00, 
	0x00, 0x00, 0x1f, 0xc2, 0x00, 0x00, 0x00, 0xff, 0xff, 0xff, 0xff, 0xff, 0xfe, 0x00, 0x00, 0x00, 
	0x00, 0x00, 0x1f, 0xc0, 0x00, 0x00, 0x01, 0xff, 0xff, 0x7f, 0xff, 0xff, 0xfe, 0x00, 0x00, 0x00, 
	0x00, 0x00, 0x03, 0x80, 0x80, 0x00, 0x03, 0xff, 0xff, 0xff, 0xdf, 0xff, 0xfc, 0x00, 0x00, 0x00, 
	0x00, 0x00, 0x03, 0x88, 0x80, 0x00, 0x03, 0xff, 0xff, 0xff, 0x87, 0xe7, 0xe0, 0x00, 0x00, 0x00, 
	0x00, 0x00, 0x00, 0xd8, 0x20, 0x00, 0x03, 0xff, 0xff, 0xff, 0x83, 0xc7, 0xc0, 0x00, 0x00, 0x00, 
	0x00, 0x00, 0x00, 0x1c, 0x00, 0x00, 0x03, 0xff, 0xff, 0xde, 0x03, 0x81, 0xc0, 0x00, 0x00, 0x00, 
	0x00, 0x00, 0x00, 0x04, 0x00, 0x00, 0x03, 0xff, 0xff, 0xf0, 0x03, 0x81, 0xe0, 0x00, 0x00, 0x00, 
	0x00, 0x00, 0x00, 0x00, 0x7c, 0x00, 0x01, 0xff, 0xff, 0xfc, 0x01, 0x00, 0x40, 0x00, 0x00, 0x00, 
	0x00, 0x00, 0x00, 0x00, 0xfe, 0x00, 0x00, 0xff, 0xff, 0xfc, 0x00, 0x00, 0x00, 0x80, 0x00, 0x00, 
	0x00, 0x00, 0x00, 0x00, 0xff, 0x80, 0x00, 0x03, 0xff, 0xf8, 0x00, 0x00, 0x04, 0x00, 0x00, 0x00, 
	0x00, 0x00, 0x00, 0x00, 0xf7, 0xc0, 0x00, 0x01, 0xfb, 0xf0, 0x00, 0x01, 0x84, 0x00, 0x00, 0x00, 
	0x00, 0x00, 0x00, 0x01, 0xe1, 0xf0, 0x00, 0x01, 0xeb, 0xe0, 0x00, 0x00, 0x98, 0x00, 0x00, 0x00, 
	0x00, 0x00, 0x00, 0x01, 0x80, 0xfe, 0x00, 0x00, 0xff, 0xc0, 0x00, 0x00, 0x40, 0x04, 0x00, 0x00, 
	0x00, 0x00, 0x00, 0x01, 0x80, 0x7e, 0x00, 0x00, 0xff, 0xc0, 0x00, 0x00, 0x30, 0x07, 0x00, 0x00, 
	0x00, 0x00, 0x00, 0x00, 0xdd, 0xfe, 0x00, 0x00, 0x7f, 0xc0, 0x00, 0x00, 0x00, 0x02, 0x00, 0x00, 
	0x00, 0x00, 0x00, 0x00, 0xff, 0xfc, 0x00, 0x00, 0xff, 0xc0, 0x00, 0x00, 0x00, 0x30, 0x00, 0x00, 
	0x00, 0x00, 0x00, 0x00, 0x7f, 0xfc, 0x00, 0x00, 0xff, 0xcc, 0x00, 0x00, 0x00, 0xfa, 0x00, 0x00, 
	0x00, 0x00, 0x00, 0x00, 0x3f, 0xfc, 0x00, 0x00, 0xff, 0x88, 0x00, 0x00, 0x01, 0xff, 0x00, 0x00, 
	0x00, 0x00, 0x00, 0x00, 0x1f, 0xf8, 0x00, 0x00, 0xff, 0x08, 0x00, 0x00, 0x07, 0xff, 0x80, 0x00, 
	0x00, 0x00, 0x00, 0x00, 0x1f, 0xe0, 0x00, 0x00, 0x7f, 0x18, 0x00, 0x00, 0x0f, 0xff, 0xc0, 0x00, 
	0x00, 0x00, 0x00, 0x00, 0x1f, 0xc0, 0x00, 0x00, 0x7f, 0x00, 0x00, 0x00, 0x0f, 0xff, 0xc0, 0x00, 
	0x00, 0x00, 0x00, 0x00, 0x1f, 0xc0, 0x00, 0x00, 0x3e, 0x00, 0x00, 0x00, 0x07, 0xff, 0xc0, 0x00, 
	0x00, 0x00, 0x00, 0x00, 0x1f, 0x80, 0x00, 0x00, 0x3c, 0x00, 0x00, 0x00, 0x07, 0xdf, 0xc0, 0x00, 
	0x00, 0x00, 0x00, 0x00, 0x3f, 0x00, 0x00, 0x00, 0x00, 0x00, 0x00, 0x00, 0x00, 0x07, 0x80, 0x00, 
	0x00, 0x00, 0x00, 0x00, 0x3e, 0x00, 0x00, 0x00, 0x00, 0x00, 0x00, 0x00, 0x00, 0x03, 0x00, 0x00, 
	0x00, 0x00, 0x00, 0x00, 0x38, 0x00, 0x00, 0x00, 0x00, 0x00, 0x00, 0x00, 0x00, 0x00, 0x00, 0x00, 
	0x00, 0x00, 0x00, 0x00, 0x38, 0x00, 0x00, 0x00, 0x00, 0x00, 0x00, 0x00, 0x00, 0x00, 0x00, 0x80, 
	0x00, 0x00, 0x00, 0x00, 0x70, 0x00, 0x00, 0x00, 0x00, 0x00, 0x00, 0x00, 0x00, 0x00, 0x00, 0x00, 
	0x00, 0x00, 0x00, 0x00, 0x70, 0x00, 0x00, 0x00, 0x00, 0x00, 0x00, 0x00, 0x00, 0x00, 0x00, 0x00, 
	0x00, 0x00, 0x00, 0x00, 0x70, 0x00, 0x00, 0x00, 0x00, 0x00, 0x00, 0x00, 0x00, 0x00, 0x00, 0x00, 
	0x00, 0x00, 0x00, 0x00, 0x30, 0x00, 0x00, 0x00, 0x00, 0x00, 0x00, 0x00, 0x00, 0x00, 0x00, 0x00, 
	0x00, 0x00, 0x00, 0x00, 0x00, 0x00, 0x00, 0x00, 0x00, 0x00, 0x00, 0x00, 0x00, 0x00, 0x00, 0x00, 
	0x00, 0x00, 0x00, 0x00, 0x00, 0x00, 0x00, 0x00, 0x00, 0x00, 0x00, 0x00, 0x00, 0x00, 0x00, 0x00, 
	0x00, 0x00, 0x00, 0x00, 0x01, 0x00, 0x00, 0x00, 0x00, 0x00, 0x00, 0x00, 0x00, 0x00, 0x00, 0x00, 
	0x00, 0x00, 0x00, 0x00, 0x0e, 0x00, 0x00, 0x00, 0x00, 0x03, 0x00, 0x7f, 0xff, 0xfe, 0x00, 0x00, 
	0x00, 0x00, 0x00, 0x00, 0x3e, 0x00, 0x00, 0x00, 0x01, 0xbf, 0xfd, 0xff, 0xff, 0xff, 0xf0, 0x00, 
	0x00, 0x00, 0x01, 0xe0, 0xfe, 0x00, 0x07, 0xff, 0xff, 0xff, 0xff, 0xff, 0xff, 0xff, 0xff, 0x00, 
	0x00, 0x3f, 0xff, 0xff, 0xfe, 0x00, 0x1f, 0xff, 0xff, 0xff, 0xff, 0xff, 0xff, 0xff, 0xff, 0x00, 
	0x1f, 0xff, 0xff, 0xff, 0xff, 0xe4, 0xff, 0xff, 0xff, 0xff, 0xff, 0xff, 0xff, 0xff, 0xfd, 0xe0, 
	0xff, 0xff, 0xff, 0xff, 0xff, 0xff, 0xff, 0xff, 0xff, 0xff, 0xff, 0xff, 0xff, 0xff, 0xff, 0xff, 
	0xff, 0xff, 0xff, 0xff, 0xff, 0xff, 0xff, 0xff, 0xff, 0xff, 0xff, 0xff, 0xff, 0xff, 0xff, 0xff, 
	0xff, 0xff, 0xff, 0xff, 0xff, 0xff, 0xff, 0xff, 0xff, 0xff, 0xff, 0xff, 0xff, 0xff, 0xff, 0xff, 
	0xff, 0xff, 0xff, 0xff, 0xff, 0xff, 0xff, 0xff, 0xff, 0xff, 0xff, 0xff, 0xff, 0xff, 0xff, 0xff
};
const unsigned char image18 [] PROGMEM = {
  0x00, 0x00, 0x00, 0x00, 0x00, 0x00, 0x00, 0x00, 0x00, 0x00, 0x00, 0x00, 0x00, 0x00, 0x00, 0x00, 
	0x00, 0x00, 0x00, 0x00, 0x00, 0x00, 0x00, 0x00, 0x00, 0x00, 0x00, 0x00, 0x00, 0x00, 0x00, 0x00, 
	0x00, 0x00, 0x00, 0x00, 0x00, 0x00, 0x00, 0x00, 0x00, 0x00, 0x00, 0x00, 0x00, 0x00, 0x00, 0x00, 
	0x00, 0x00, 0x00, 0x00, 0x00, 0x00, 0x00, 0x00, 0x00, 0x00, 0x00, 0x00, 0x00, 0x00, 0x00, 0x00, 
	0x00, 0x00, 0x00, 0x00, 0x00, 0x00, 0x00, 0x00, 0x00, 0x00, 0x00, 0x00, 0x00, 0x00, 0x06, 0x00, 
	0x00, 0x00, 0x00, 0x00, 0x00, 0x00, 0x00, 0x00, 0x00, 0x00, 0x00, 0x00, 0x00, 0x00, 0x06, 0x60, 
	0x00, 0x00, 0x00, 0x00, 0x00, 0x00, 0x00, 0x00, 0x00, 0x00, 0x00, 0x00, 0x00, 0x00, 0x04, 0xe0, 
	0x00, 0x00, 0x00, 0x00, 0x00, 0x00, 0x00, 0x00, 0x00, 0x00, 0x00, 0x00, 0x00, 0x00, 0x01, 0xc0, 
	0x00, 0x01, 0xff, 0xff, 0xff, 0xff, 0xff, 0xff, 0xff, 0xff, 0xff, 0xff, 0xff, 0xff, 0x81, 0x98, 
	0x00, 0x1f, 0xff, 0xff, 0xff, 0xff, 0xff, 0xff, 0xff, 0xff, 0xff, 0xff, 0xff, 0xff, 0xf8, 0x78, 
	0x00, 0x60, 0x00, 0x00, 0x00, 0x00, 0x00, 0x00, 0x00, 0x00, 0x00, 0x00, 0x00, 0x00, 0x0c, 0x00, 
	0x00, 0x40, 0x00, 0x00, 0x00, 0x00, 0x00, 0x00, 0x00, 0x00, 0x00, 0x00, 0x00, 0x00, 0x06, 0x00, 
	0x00, 0xc0, 0x00, 0x00, 0x00, 0x00, 0x00, 0x00, 0x00, 0x00, 0x00, 0x00, 0x00, 0x00, 0x02, 0x00, 
	0x00, 0x80, 0x00, 0x00, 0x00, 0x00, 0x00, 0x00, 0x00, 0x00, 0x00, 0x00, 0x00, 0x00, 0x03, 0x00, 
	0x00, 0x80, 0x00, 0x00, 0x00, 0x00, 0x00, 0x00, 0x00, 0x00, 0x00, 0x00, 0x00, 0x00, 0x03, 0x00, 
	0x00, 0x80, 0x00, 0x00, 0x00, 0x00, 0x00, 0x00, 0x00, 0x00, 0x00, 0x00, 0x00, 0x00, 0x03, 0x00, 
	0x00, 0x80, 0x00, 0x00, 0x00, 0x00, 0x00, 0x00, 0x00, 0x00, 0x00, 0x00, 0x00, 0x00, 0x03, 0x00, 
	0x00, 0x80, 0x0f, 0x80, 0xf8, 0x00, 0x00, 0xc0, 0x3e, 0x00, 0x00, 0x30, 0x03, 0x00, 0x03, 0x00, 
	0x00, 0x80, 0x1f, 0xc1, 0xfc, 0x04, 0x01, 0xc0, 0x7f, 0x01, 0x00, 0x70, 0x07, 0x00, 0x03, 0x00, 
	0x00, 0x80, 0x18, 0xc3, 0x8c, 0x0e, 0x07, 0xc0, 0x67, 0x03, 0x81, 0xf0, 0x1f, 0x00, 0x03, 0x00, 
	0x00, 0x80, 0x38, 0xe3, 0x8e, 0x0c, 0x0f, 0xc0, 0x0e, 0x03, 0x03, 0xf0, 0x3f, 0x00, 0x03, 0x00, 
	0x00, 0x80, 0x38, 0xe3, 0x9e, 0x00, 0x00, 0xc0, 0x3e, 0x00, 0x00, 0x70, 0x07, 0x00, 0x00, 0x00, 
	0x00, 0x80, 0x38, 0xe1, 0xfe, 0x00, 0x00, 0xc0, 0x1f, 0x00, 0x00, 0x30, 0x03, 0x00, 0x00, 0x00, 
	0x00, 0x80, 0x38, 0xe0, 0xfe, 0x00, 0x00, 0xc0, 0x47, 0x00, 0x00, 0x30, 0x03, 0x00, 0x00, 0x00, 
	0x00, 0x80, 0x18, 0xc1, 0x8c, 0x0c, 0x00, 0xc0, 0xe3, 0x03, 0x00, 0x30, 0x03, 0x00, 0x03, 0x00, 
	0x00, 0x80, 0x1f, 0xc1, 0xfc, 0x0e, 0x00, 0xc0, 0xff, 0x03, 0x80, 0x30, 0x03, 0x00, 0x03, 0x00, 
	0x00, 0x80, 0x0f, 0x80, 0xf8, 0x00, 0x00, 0xc0, 0x7e, 0x00, 0x00, 0x30, 0x03, 0x00, 0x03, 0x00, 
	0x00, 0x80, 0x00, 0x00, 0x00, 0x00, 0x00, 0x00, 0x00, 0x00, 0x00, 0x00, 0x00, 0x00, 0x03, 0x00, 
	0x00, 0x80, 0x00, 0x00, 0x00, 0x00, 0x00, 0x00, 0x00, 0x00, 0x00, 0x00, 0x00, 0x00, 0x03, 0x00, 
	0x00, 0x80, 0x00, 0x00, 0x00, 0x00, 0x00, 0x00, 0x00, 0x00, 0x00, 0x00, 0x00, 0x00, 0x03, 0x00, 
	0x00, 0x80, 0x00, 0x00, 0x00, 0x00, 0x00, 0x00, 0x00, 0x00, 0x00, 0x00, 0x00, 0x00, 0x03, 0x00, 
	0x00, 0x80, 0x00, 0x00, 0x00, 0x00, 0x00, 0x00, 0x00, 0x00, 0x00, 0x00, 0x00, 0x00, 0x03, 0x00, 
	0x00, 0x80, 0x00, 0x00, 0x00, 0x00, 0x00, 0x00, 0x00, 0x00, 0x00, 0x00, 0x00, 0x00, 0x03, 0x00, 
	0x00, 0x80, 0x0f, 0xff, 0xff, 0xff, 0xff, 0xff, 0xff, 0xff, 0xff, 0xff, 0xff, 0x80, 0x03, 0x00, 
	0x00, 0x80, 0x00, 0x00, 0x00, 0x00, 0x00, 0x00, 0x00, 0x00, 0x00, 0x00, 0x00, 0x00, 0x03, 0x00, 
	0x00, 0x80, 0x00, 0x00, 0x00, 0x00, 0x00, 0x00, 0x00, 0x00, 0x00, 0x00, 0x00, 0x00, 0x03, 0x00, 
	0x00, 0x80, 0x00, 0x00, 0x00, 0x00, 0x00, 0x00, 0x00, 0x00, 0x00, 0x00, 0x00, 0x00, 0x03, 0x00, 
	0x00, 0x80, 0x00, 0x00, 0x00, 0x00, 0x00, 0x00, 0x00, 0x00, 0x00, 0x00, 0x00, 0x00, 0x03, 0x00, 
	0x00, 0x80, 0x0c, 0x00, 0x00, 0x00, 0x00, 0x00, 0x00, 0x00, 0x00, 0x00, 0x00, 0x00, 0x03, 0x00, 
	0x00, 0x80, 0x7f, 0x80, 0x00, 0x00, 0x00, 0x00, 0x00, 0x00, 0x00, 0x00, 0x00, 0x00, 0x03, 0x00, 
	0x00, 0x80, 0xc0, 0xc0, 0x00, 0x00, 0x00, 0x00, 0x00, 0x00, 0x00, 0x00, 0x00, 0x00, 0x03, 0x00, 
	0x00, 0x81, 0x80, 0x60, 0x00, 0x00, 0x00, 0x00, 0x00, 0x00, 0x00, 0x00, 0x00, 0x00, 0x03, 0x00, 
	0x00, 0x83, 0x00, 0x20, 0x3d, 0x20, 0x06, 0xde, 0xd8, 0x00, 0x97, 0xa4, 0x3b, 0x80, 0x03, 0x00, 
	0x00, 0x82, 0x61, 0xb0, 0x27, 0xf0, 0x06, 0xf2, 0xf8, 0x00, 0xf4, 0xec, 0x19, 0x80, 0x03, 0x00, 
	0x00, 0x82, 0x61, 0xb0, 0x3f, 0xf0, 0x07, 0xf3, 0xf8, 0x00, 0xf4, 0xf8, 0x31, 0x00, 0x03, 0x00, 
	0x00, 0x82, 0x00, 0x30, 0x21, 0xf0, 0x07, 0xde, 0xd8, 0x00, 0xb7, 0x98, 0x31, 0x00, 0x03, 0x00, 
	0x00, 0x83, 0x0c, 0x20, 0x00, 0x00, 0x00, 0x00, 0x00, 0x00, 0x00, 0x00, 0x00, 0x00, 0x03, 0x00, 
	0x00, 0x81, 0x00, 0x60, 0x00, 0x00, 0x00, 0x00, 0x00, 0x00, 0x00, 0x00, 0x00, 0x00, 0x03, 0x00, 
	0x00, 0x81, 0x00, 0xc0, 0x00, 0x00, 0x00, 0x00, 0x00, 0x00, 0x00, 0x00, 0x00, 0x00, 0x03, 0x00, 
	0x00, 0x81, 0xff, 0x80, 0x00, 0x00, 0x00, 0x00, 0x00, 0x00, 0x00, 0x00, 0x00, 0x00, 0x03, 0x00, 
	0x00, 0x80, 0x0c, 0x00, 0x00, 0x00, 0x00, 0x00, 0x00, 0x00, 0x00, 0x00, 0x00, 0x00, 0x03, 0x00, 
	0x00, 0x80, 0x00, 0x00, 0x00, 0x00, 0x00, 0x00, 0x00, 0x00, 0x00, 0x00, 0x00, 0x00, 0x02, 0x00, 
	0x00, 0x40, 0x00, 0x00, 0x00, 0x00, 0x00, 0x00, 0x00, 0x00, 0x00, 0x00, 0x00, 0x00, 0x06, 0x00, 
	0x00, 0x60, 0x00, 0x00, 0x00, 0x00, 0x00, 0x00, 0x00, 0x00, 0x00, 0x00, 0x00, 0x00, 0x0c, 0x00, 
	0x00, 0x3f, 0xff, 0xff, 0xff, 0xff, 0xff, 0xff, 0xff, 0xff, 0xff, 0xff, 0xff, 0xff, 0xf8, 0x00, 
	0x00, 0x07, 0xff, 0xff, 0xff, 0xff, 0xff, 0xff, 0xff, 0xff, 0xff, 0xff, 0xff, 0xff, 0xe0, 0x00, 
	0x00, 0x00, 0x00, 0x00, 0x00, 0x00, 0x00, 0x00, 0x00, 0x00, 0x00, 0x00, 0x00, 0x00, 0x00, 0x00, 
	0x00, 0x00, 0x00, 0x00, 0x00, 0x00, 0x00, 0x00, 0x00, 0x00, 0x00, 0x00, 0x00, 0x00, 0x00, 0x00, 
	0x00, 0x00, 0x00, 0x00, 0x00, 0x00, 0x00, 0x00, 0x00, 0x00, 0x00, 0x00, 0x00, 0x00, 0x00, 0x00, 
	0x00, 0x00, 0x00, 0x00, 0x00, 0x00, 0x00, 0x00, 0x00, 0x00, 0x00, 0x00, 0x00, 0x00, 0x00, 0x00, 
	0x00, 0x00, 0x00, 0x00, 0x00, 0x00, 0x00, 0x00, 0x00, 0x00, 0x00, 0x00, 0x00, 0x00, 0x00, 0x00, 
	0x00, 0x00, 0x00, 0x00, 0x00, 0x00, 0x00, 0x00, 0x00, 0x00, 0x00, 0x00, 0x00, 0x00, 0x00, 0x00, 
	0x00, 0x00, 0x00, 0x00, 0x00, 0x00, 0x00, 0x00, 0x00, 0x00, 0x00, 0x00, 0x00, 0x00, 0x00, 0x00, 
	0x00, 0x00, 0x00, 0x00, 0x00, 0x00, 0x00, 0x00, 0x00, 0x00, 0x00, 0x00, 0x00, 0x00, 0x00, 0x00
};
const unsigned char image19 [] PROGMEM = {
	0xff, 0xff, 0xff, 0xff, 0xff, 0xff, 0xff, 0xff, 0xff, 0xff, 0xff, 0xff, 0xff, 0xff, 0xff, 0xff, 
	0xff, 0xff, 0xff, 0xff, 0xff, 0xff, 0xff, 0xff, 0xff, 0xff, 0xff, 0xff, 0xff, 0xff, 0xff, 0xff, 
	0xff, 0xff, 0xff, 0xff, 0xff, 0xff, 0xff, 0xff, 0xff, 0xff, 0xff, 0xff, 0xff, 0xff, 0xff, 0xff, 
	0xff, 0xff, 0xff, 0xff, 0xff, 0xff, 0xff, 0xff, 0xff, 0xff, 0xff, 0xff, 0xff, 0xff, 0xff, 0xff, 
	0xff, 0xff, 0xff, 0xff, 0xff, 0xff, 0xff, 0xff, 0xff, 0xff, 0xff, 0xff, 0xff, 0xff, 0xff, 0xff, 
	0xff, 0xff, 0xff, 0xff, 0xff, 0xff, 0xff, 0xff, 0xff, 0xff, 0xff, 0xff, 0xff, 0xff, 0xff, 0xff, 
	0xff, 0xff, 0xff, 0xff, 0xff, 0xff, 0xff, 0xff, 0xff, 0xff, 0xff, 0xff, 0xff, 0xff, 0xff, 0xff, 
	0xff, 0xff, 0xff, 0xff, 0xff, 0xff, 0xff, 0xff, 0xff, 0xff, 0xff, 0xff, 0xff, 0xff, 0xff, 0xff, 
	0xff, 0xff, 0xff, 0xff, 0xff, 0xff, 0xff, 0xff, 0xff, 0xff, 0xff, 0xff, 0xff, 0xff, 0xff, 0xff, 
	0xff, 0xff, 0xff, 0xff, 0xff, 0xff, 0xff, 0xff, 0xff, 0xff, 0xff, 0xff, 0xff, 0xff, 0xff, 0xff, 
	0xff, 0xff, 0xff, 0xff, 0xff, 0xff, 0xff, 0xff, 0xf1, 0xff, 0xff, 0xff, 0xff, 0xff, 0xff, 0xff, 
	0xff, 0xff, 0xff, 0xff, 0xff, 0xff, 0xff, 0x80, 0x00, 0x3f, 0xff, 0xff, 0xff, 0xff, 0xff, 0xff, 
	0xff, 0xff, 0xff, 0xff, 0xff, 0xff, 0xff, 0x00, 0x00, 0x1f, 0xff, 0xff, 0xff, 0xff, 0xff, 0xff, 
	0xff, 0xff, 0xff, 0xff, 0xff, 0xff, 0xfc, 0x00, 0x00, 0x0f, 0xff, 0xff, 0xff, 0xff, 0xff, 0xff, 
	0xff, 0xff, 0xff, 0xff, 0xff, 0xff, 0xfc, 0x00, 0x00, 0x01, 0xff, 0xff, 0xff, 0xff, 0xff, 0xff, 
	0xff, 0xff, 0xff, 0xff, 0xff, 0xff, 0xf8, 0x00, 0x00, 0x01, 0xff, 0xff, 0xff, 0xff, 0xff, 0xff, 
	0xff, 0xff, 0xff, 0xff, 0xff, 0xff, 0xf8, 0x00, 0x00, 0x00, 0xff, 0xff, 0xff, 0xff, 0xff, 0xff, 
	0xff, 0xff, 0xff, 0xff, 0xff, 0xff, 0xf8, 0x1f, 0xf0, 0x00, 0x7f, 0xff, 0xff, 0xff, 0xff, 0xff, 
	0xff, 0xff, 0xff, 0xff, 0xff, 0xff, 0xf0, 0x3f, 0xff, 0xe0, 0x3f, 0xff, 0xff, 0xff, 0xff, 0xff, 
	0xff, 0xff, 0xff, 0xff, 0xff, 0xff, 0xf0, 0x3f, 0xff, 0xfe, 0x1f, 0xff, 0xff, 0xff, 0xff, 0xff, 
	0xff, 0xff, 0xff, 0xff, 0xff, 0xff, 0xe0, 0x3f, 0xff, 0xfe, 0x1f, 0xff, 0xff, 0xff, 0xff, 0xff, 
	0xff, 0xff, 0xff, 0xff, 0xff, 0xff, 0xe0, 0x07, 0xff, 0xff, 0x0f, 0xff, 0xff, 0xff, 0xff, 0xff, 
	0xff, 0xff, 0xff, 0xff, 0xff, 0xff, 0xc0, 0x01, 0xf0, 0x1f, 0x8f, 0xff, 0xff, 0xff, 0xff, 0xff, 
	0xff, 0xff, 0xff, 0xff, 0xff, 0xff, 0x80, 0x00, 0x20, 0x03, 0x87, 0xff, 0xff, 0xff, 0xff, 0xff, 
	0xff, 0xff, 0xff, 0xff, 0xff, 0xff, 0x80, 0x00, 0x20, 0x01, 0x87, 0xff, 0xff, 0xff, 0xff, 0xff, 
	0xff, 0xff, 0xff, 0xff, 0xff, 0xff, 0x80, 0x00, 0x78, 0xff, 0x83, 0xff, 0xff, 0xff, 0xff, 0xff, 
	0xff, 0xff, 0xff, 0xff, 0xff, 0xff, 0x80, 0x18, 0x78, 0xff, 0x83, 0xff, 0xff, 0xff, 0xff, 0xff, 
	0xff, 0xff, 0xff, 0xff, 0xff, 0xff, 0x80, 0x18, 0x78, 0x7f, 0xc3, 0xff, 0xff, 0xff, 0xff, 0xff, 
	0xff, 0xff, 0xff, 0xff, 0xff, 0xff, 0x80, 0x00, 0x7c, 0x0f, 0xc3, 0xff, 0xff, 0xff, 0xff, 0xff, 
	0xff, 0xff, 0xff, 0xff, 0xff, 0xff, 0x80, 0x00, 0x7c, 0x07, 0xc3, 0xff, 0xff, 0xff, 0xff, 0xff, 
	0xff, 0xff, 0xff, 0xff, 0xff, 0xff, 0x80, 0x00, 0x7c, 0x0f, 0xc3, 0xff, 0xff, 0xff, 0xff, 0xff, 
	0xff, 0xff, 0xff, 0xff, 0xff, 0xff, 0x80, 0x00, 0x7f, 0x3f, 0xc3, 0xff, 0xff, 0xff, 0xff, 0xff, 
	0xff, 0xff, 0xff, 0xff, 0xff, 0xff, 0xc0, 0x38, 0xff, 0xff, 0xc7, 0xff, 0xff, 0xff, 0xff, 0xff, 
	0xff, 0xff, 0xff, 0xff, 0xff, 0xff, 0xc1, 0xf8, 0x7f, 0xff, 0xc7, 0xff, 0xff, 0xff, 0xff, 0xff, 
	0xff, 0xff, 0xff, 0xff, 0xff, 0xff, 0xc1, 0xf8, 0x3f, 0xff, 0xc7, 0xff, 0xff, 0xff, 0xff, 0xff, 
	0x3f, 0xff, 0xff, 0xff, 0xff, 0xff, 0xe1, 0xf0, 0x01, 0xff, 0xdf, 0xff, 0xff, 0xff, 0xff, 0xff, 
	0xf8, 0xff, 0xff, 0xff, 0xff, 0xff, 0xf0, 0xe0, 0x11, 0xff, 0xff, 0xff, 0xff, 0xff, 0xff, 0xff, 
	0xff, 0x8f, 0xff, 0xff, 0xff, 0xff, 0xf0, 0x40, 0x1f, 0xff, 0xff, 0xff, 0xff, 0xff, 0xff, 0xff, 
	0xff, 0xff, 0xff, 0xff, 0xff, 0xff, 0xe0, 0x00, 0x1f, 0xff, 0xff, 0xff, 0xff, 0xff, 0xff, 0xff, 
	0x07, 0xff, 0xe3, 0xff, 0xff, 0xff, 0xe0, 0x00, 0x7f, 0xff, 0xff, 0xff, 0xff, 0xff, 0xff, 0xff, 
	0x80, 0x3f, 0xff, 0xff, 0xff, 0xff, 0xe0, 0x00, 0xff, 0xff, 0xff, 0xff, 0xff, 0xff, 0xff, 0xff, 
	0xfe, 0x01, 0xff, 0xff, 0xff, 0xff, 0xf0, 0x00, 0x3f, 0xff, 0xff, 0xff, 0xff, 0xff, 0xff, 0xef, 
	0xff, 0xf8, 0x1f, 0xff, 0xff, 0xff, 0xf8, 0x00, 0x00, 0x1f, 0xff, 0xff, 0xff, 0xff, 0xff, 0xf7, 
	0xff, 0xff, 0xe0, 0x7f, 0xff, 0xff, 0xf8, 0x00, 0x03, 0xff, 0xff, 0xff, 0xff, 0xff, 0xff, 0xf7, 
	0xff, 0xff, 0xff, 0x03, 0xfe, 0x07, 0xf8, 0x00, 0x0f, 0xff, 0xff, 0xff, 0xff, 0xff, 0xff, 0xf7, 
	0xff, 0xff, 0xff, 0xf8, 0xff, 0x80, 0x7c, 0x00, 0x1f, 0xff, 0xff, 0xff, 0xff, 0xff, 0xff, 0xbb, 
	0xff, 0xff, 0xff, 0xff, 0xff, 0xfc, 0x3c, 0x00, 0x3f, 0xff, 0xff, 0xff, 0xff, 0xff, 0xff, 0xb3, 
	0xff, 0xff, 0xff, 0xff, 0xff, 0xff, 0xfe, 0x00, 0x1f, 0xff, 0xff, 0xff, 0xff, 0xff, 0xff, 0xd1, 
	0xff, 0xff, 0xff, 0xff, 0xff, 0xff, 0xff, 0x00, 0x0f, 0xff, 0xff, 0xff, 0xff, 0xff, 0xff, 0xd1, 
	0xff, 0xff, 0xff, 0xff, 0xff, 0xff, 0xff, 0x80, 0x07, 0xff, 0xff, 0xff, 0xff, 0xfe, 0xfd, 0xc8, 
	0xff, 0xff, 0xff, 0xff, 0xff, 0xff, 0xff, 0xc0, 0x07, 0xfb, 0xff, 0xff, 0xff, 0xff, 0x7f, 0xe8, 
	0xff, 0xff, 0xff, 0xff, 0xff, 0xff, 0xff, 0xc0, 0x0f, 0xf7, 0xff, 0xff, 0xff, 0xff, 0x7e, 0xe8, 
	0xff, 0xff, 0xff, 0xff, 0xff, 0xff, 0xff, 0xc0, 0x07, 0xe4, 0x7f, 0xff, 0xfd, 0xff, 0x7e, 0xe8, 
	0xff, 0xff, 0xff, 0xff, 0xff, 0xff, 0xff, 0xc0, 0x01, 0xdc, 0x7d, 0xff, 0xfd, 0xff, 0x7e, 0x74, 
	0xff, 0xff, 0xff, 0xff, 0xff, 0xff, 0xff, 0xc0, 0x00, 0x38, 0x30, 0x1f, 0xfc, 0xfd, 0xb7, 0x70, 
	0xff, 0xff, 0xff, 0xff, 0xff, 0xff, 0xff, 0xc0, 0x00, 0x70, 0x00, 0x03, 0xfc, 0xff, 0xb7, 0x32, 
	0xff, 0xff, 0xff, 0xff, 0xff, 0xff, 0xf8, 0xc0, 0x01, 0xc0, 0x00, 0x01, 0xfc, 0xf6, 0xb3, 0xb8, 
	0xff, 0xff, 0xff, 0xff, 0xff, 0xff, 0x00, 0x00, 0x03, 0x80, 0x00, 0x00, 0x00, 0xfe, 0x9b, 0x99, 
	0xff, 0xff, 0xff, 0xff, 0xff, 0xfc, 0x00, 0x00, 0x03, 0x00, 0x00, 0x00, 0x00, 0x3e, 0xd9, 0x9d, 
	0xff, 0xff, 0xff, 0xff, 0xff, 0xf8, 0x00, 0x00, 0x00, 0x00, 0x00, 0x00, 0x00, 0x1f, 0x5d, 0xdc, 
	0xff, 0xff, 0xff, 0xff, 0xff, 0xf0, 0x00, 0x00, 0x00, 0x00, 0x00, 0x00, 0x00, 0x07, 0x4c, 0xcc, 
	0xff, 0xff, 0xff, 0xff, 0xff, 0xe0, 0x00, 0x00, 0x00, 0x00, 0x00, 0x00, 0x00, 0x03, 0x0c, 0xec, 
	0xff, 0xff, 0xff, 0xff, 0xff, 0xe0, 0x00, 0x00, 0x00, 0x00, 0x00, 0x00, 0x00, 0x01, 0xae, 0xe6, 
	0xff, 0xff, 0xff, 0xff, 0xff, 0x80, 0x00, 0x00, 0x00, 0x00, 0x00, 0x00, 0x00, 0x00, 0xa6, 0x66
};

void setup()   {
  display.begin(I2C_ADDRESS, true); //Start I2C data communication with SH1106G OLED display chip
  display.display(); //Display adafruit splashscreen
  delay(3000);
  display.clearDisplay(); //Clear display
	display.setTextColor(SH110X_WHITE);
  display.setTextSize(2);
  display.setCursor(25, 20);
  display.print("Photos");
  display.setCursor(15, 40);
  display.print("5/8/2025");
  display.display();
  delay(3000);
  display.clearDisplay();
  display.setCursor(12, 10);
  display.print("Made with");
  display.setTextSize(1);
  display.setCursor(5, 40);
  display.print("https://javl.github.");
  display.setCursor(25, 50);
  display.print("io/image2cpp/");
  display.display();
	delay(3000);
	display.clearDisplay();
}


void loop() {  
	display.clearDisplay();
  display.drawBitmap(0, 0, image1, 128, 64, SH110X_WHITE); //(Cursor position, Cursor position, image, image length, image height, colour)
  display.display();
  delay(delayTime);
  display.clearDisplay();
  display.drawBitmap(0, 0, image2, 128, 64, SH110X_WHITE); //(Cursor position, Cursor position, image, image length, image height, colour)
  display.display();
  delay(delayTime);
  display.clearDisplay();
  display.drawBitmap(0, 0, image3, 128, 64, SH110X_WHITE); //(Cursor position, Cursor position, image, image length, image height, colour)
  display.display();
  delay(delayTime);
  display.clearDisplay();
  display.drawBitmap(0, 0, image4, 128, 64, SH110X_WHITE); //(Cursor position, Cursor position, image, image length, image height, colour)
  display.display();
  delay(delayTime);
  display.clearDisplay();
  display.drawBitmap(0, 0, image5, 128, 64, SH110X_WHITE); //(Cursor position, Cursor position, image, image length, image height, colour)
  display.display();
  delay(delayTime);
  display.clearDisplay();
  display.drawBitmap(0, 0, image6, 128, 64, SH110X_WHITE); //(Cursor position, Cursor position, image, image length, image height, colour)
  display.display();
  delay(delayTime);
  display.clearDisplay();
  display.drawBitmap(0, 0, image7, 128, 64, SH110X_WHITE); //(Cursor position, Cursor position, image, image length, image height, colour)
  display.display();
  delay(delayTime);
  display.clearDisplay();
  display.drawBitmap(0, 0, image8, 128, 64, SH110X_WHITE); //(Cursor position, Cursor position, image, image length, image height, colour)
  display.display();
  delay(delayTime);
  display.clearDisplay();
  display.drawBitmap(0, 0, image9, 128, 64, SH110X_WHITE); //(Cursor position, Cursor position, image, image length, image height, colour)
  display.display();
  delay(delayTime);
  display.clearDisplay();
  display.drawBitmap(0, 0, image11, 128, 64, SH110X_WHITE); //(Cursor position, Cursor position, image, image length, image height, colour)
  display.display();
  delay(delayTime);
	display.clearDisplay();
  display.drawBitmap(0, 0, image12, 128, 64, SH110X_WHITE); //(Cursor position, Cursor position, image, image length, image height, colour)
  display.display();
  delay(delayTime);
	display.clearDisplay();
  display.drawBitmap(0, 0, image13, 128, 64, SH110X_WHITE); //(Cursor position, Cursor position, image, image length, image height, colour)
  display.display();
  delay(delayTime);
	display.clearDisplay();
  display.drawBitmap(0, 0, image14, 128, 64, SH110X_WHITE); //(Cursor position, Cursor position, image, image length, image height, colour)
  display.display();
  delay(delayTime);
	display.clearDisplay();
  display.drawBitmap(0, 0, image15, 128, 64, SH110X_WHITE); //(Cursor position, Cursor position, image, image length, image height, colour)
  display.display();
  delay(delayTime);
	display.clearDisplay();
  display.drawBitmap(0, 0, image16, 128, 64, SH110X_WHITE); //(Cursor position, Cursor position, image, image length, image height, colour)
  display.display();
  delay(delayTime);
	display.clearDisplay();
  display.drawBitmap(0, 0, image17, 128, 64, SH110X_WHITE); //(Cursor position, Cursor position, image, image length, image height, colour)
  display.display();
  delay(delayTime);
	display.clearDisplay();
  display.drawBitmap(0, 0, image18, 128, 64, SH110X_WHITE); //(Cursor position, Cursor position, image, image length, image height, colour)
  display.display();
  delay(delayTime);
	display.clearDisplay();
  display.drawBitmap(0, 0, image19, 128, 64, SH110X_WHITE); //(Cursor position, Cursor position, image, image length, image height, colour)
  display.display();
  delay(delayTime);
}